0 verbose cli C:\Program Files\nodejs\node.exe C:\Program Files\nodejs\node_modules\npm\bin\npm-cli.js
1 info using npm@11.9.0
2 info using node@v24.14.0
3 silly config load:file:C:\Program Files\nodejs\node_modules\npm\npmrc
4 silly config load:file:C:\Users\jamsh_irbsc12\Documents\Codex\2026-08-25\express-bookstore-download-the-starter-code-2\express-bookstore\.npmrc
5 silly config load:file:C:\Users\jamsh_irbsc12\.npmrc
6 silly config load:file:C:\Users\jamsh_irbsc12\AppData\Roaming\npm\etc\npmrc
7 verbose title npm install
8 verbose argv "install" "--cache" ".npm-cache"
9 verbose logfile logs-max:10 dir:C:\Users\jamsh_irbsc12\Documents\Codex\2026-08-25\express-bookstore-download-the-starter-code-2\express-bookstore\.npm-cache\_logs\2026-08-26T02_01_09_007Z-
10 verbose logfile C:\Users\jamsh_irbsc12\Documents\Codex\2026-08-25\express-bookstore-download-the-starter-code-2\express-bookstore\.npm-cache\_logs\2026-08-26T02_01_09_007Z-debug-0.log
11 silly logfile done cleaning log files
12 silly packumentCache heap:4496293888 maxSize:1124073472 maxEntrySize:562036736
13 silly idealTree buildDeps
14 silly fetch manifest express@^4.16.3
15 silly packumentCache full:https://registry.npmjs.org/express cache-miss
16 http fetch GET 200 https://registry.npmjs.org/express 2441ms (cache miss)
17 silly packumentCache full:https://registry.npmjs.org/express set size:undefined disposed:false
18 silly fetch manifest jsonschema@^1.2.4
19 silly packumentCache full:https://registry.npmjs.org/jsonschema cache-miss
20 http fetch GET 200 https://registry.npmjs.org/npm 2734ms
21 http fetch GET 200 https://registry.npmjs.org/jsonschema 250ms (cache miss)
22 silly packumentCache full:https://registry.npmjs.org/jsonschema set size:undefined disposed:false
23 silly fetch manifest locus@^2.0.1
24 silly packumentCache full:https://registry.npmjs.org/locus cache-miss
25 http fetch GET 200 https://registry.npmjs.org/locus 77ms (cache miss)
26 silly packumentCache full:https://registry.npmjs.org/locus set size:undefined disposed:false
27 silly fetch manifest pg@^8.3.3
28 silly packumentCache full:https://registry.npmjs.org/pg cache-miss
29 http fetch GET 200 https://registry.npmjs.org/pg 157ms (cache miss)
30 silly packumentCache full:https://registry.npmjs.org/pg set size:undefined disposed:false
31 silly fetch manifest pg-native@>=3.0.1
32 silly packumentCache full:https://registry.npmjs.org/pg-native cache-miss
33 http fetch GET 200 https://registry.npmjs.org/pg-native 98ms (cache miss)
34 silly packumentCache full:https://registry.npmjs.org/pg-native set size:undefined disposed:false
35 silly fetch manifest supertest@^3.3.0
36 silly packumentCache full:https://registry.npmjs.org/supertest cache-miss
37 http fetch GET 200 https://registry.npmjs.org/supertest 130ms (cache miss)
38 silly packumentCache full:https://registry.npmjs.org/supertest set size:undefined disposed:false
39 silly placeDep ROOT express@4.22.2 OK for: bookstore-solution@1.0.0 want: ^4.16.3
40 silly placeDep ROOT jsonschema@1.5.0 OK for: bookstore-solution@1.0.0 want: ^1.2.4
41 silly placeDep ROOT locus@2.0.4 OK for: bookstore-solution@1.0.0 want: ^2.0.1
42 silly placeDep ROOT pg@8.23.0 OK for: bookstore-solution@1.0.0 want: ^8.3.3
43 silly placeDep ROOT supertest@3.4.2 OK for: bookstore-solution@1.0.0 want: ^3.3.0
44 silly fetch manifest qs@~6.15.1
45 silly packumentCache full:https://registry.npmjs.org/qs cache-miss
46 silly fetch manifest depd@2.0.0
47 silly packumentCache full:https://registry.npmjs.org/depd cache-miss
48 silly fetch manifest etag@~1.8.1
49 silly packumentCache full:https://registry.npmjs.org/etag cache-miss
50 silly fetch manifest send@~0.19.0
51 silly packumentCache full:https://registry.npmjs.org/send cache-miss
52 silly fetch manifest vary@~1.1.2
53 silly packumentCache full:https://registry.npmjs.org/vary cache-miss
54 silly fetch manifest debug@2.6.9
55 silly packumentCache full:https://registry.npmjs.org/debug cache-miss
56 silly fetch manifest fresh@~0.5.2
57 silly packumentCache full:https://registry.npmjs.org/fresh cache-miss
58 http fetch GET 200 https://registry.npmjs.org/depd 146ms (cache miss)
59 silly packumentCache full:https://registry.npmjs.org/depd set size:undefined disposed:false
60 silly fetch manifest cookie@~0.7.1
61 silly packumentCache full:https://registry.npmjs.org/cookie cache-miss
62 http fetch GET 200 https://registry.npmjs.org/qs 182ms (cache miss)
63 silly packumentCache full:https://registry.npmjs.org/qs set size:undefined disposed:false
64 silly fetch manifest accepts@~1.3.8
65 silly packumentCache full:https://registry.npmjs.org/accepts cache-miss
66 http fetch GET 200 https://registry.npmjs.org/accepts 145ms (cache miss)
67 silly packumentCache full:https://registry.npmjs.org/accepts set size:undefined disposed:false
68 silly fetch manifest methods@~1.1.2
69 silly packumentCache full:https://registry.npmjs.org/methods cache-miss
70 http fetch GET 200 https://registry.npmjs.org/etag 393ms (cache miss)
71 silly packumentCache full:https://registry.npmjs.org/etag set size:undefined disposed:false
72 silly fetch manifest type-is@~1.6.18
73 silly packumentCache full:https://registry.npmjs.org/type-is cache-miss
74 http fetch GET 200 https://registry.npmjs.org/cookie 361ms (cache miss)
75 silly packumentCache full:https://registry.npmjs.org/cookie set size:undefined disposed:false
76 silly fetch manifest parseurl@~1.3.3
77 silly packumentCache full:https://registry.npmjs.org/parseurl cache-miss
78 http fetch GET 200 https://registry.npmjs.org/fresh 522ms (cache miss)
79 silly packumentCache full:https://registry.npmjs.org/fresh set size:undefined disposed:false
80 silly fetch manifest statuses@~2.0.1
81 silly packumentCache full:https://registry.npmjs.org/statuses cache-miss
82 http fetch GET 200 https://registry.npmjs.org/send 563ms (cache miss)
83 silly packumentCache full:https://registry.npmjs.org/send set size:undefined disposed:false
84 silly fetch manifest encodeurl@~2.0.0
85 silly packumentCache full:https://registry.npmjs.org/encodeurl cache-miss
86 http fetch GET 200 https://registry.npmjs.org/methods 230ms (cache miss)
87 silly packumentCache full:https://registry.npmjs.org/methods set size:undefined disposed:false
88 silly fetch manifest proxy-addr@~2.0.7
89 silly packumentCache full:https://registry.npmjs.org/proxy-addr cache-miss
90 http fetch GET 200 https://registry.npmjs.org/vary 594ms (cache miss)
91 silly packumentCache full:https://registry.npmjs.org/vary set size:undefined disposed:false
92 silly fetch manifest body-parser@~1.20.5
93 silly packumentCache full:https://registry.npmjs.org/body-parser cache-miss
94 http fetch GET 200 https://registry.npmjs.org/type-is 219ms (cache miss)
95 silly packumentCache full:https://registry.npmjs.org/type-is set size:undefined disposed:false
96 silly fetch manifest escape-html@~1.0.3
97 silly packumentCache full:https://registry.npmjs.org/escape-html cache-miss
98 http fetch GET 200 https://registry.npmjs.org/debug 636ms (cache miss)
99 silly packumentCache full:https://registry.npmjs.org/debug set size:undefined disposed:false
100 silly fetch manifest http-errors@~2.0.0
101 silly packumentCache full:https://registry.npmjs.org/http-errors cache-miss
102 http fetch GET 200 https://registry.npmjs.org/encodeurl 142ms (cache miss)
103 silly packumentCache full:https://registry.npmjs.org/encodeurl set size:undefined disposed:false
104 silly fetch manifest on-finished@~2.4.1
105 silly packumentCache full:https://registry.npmjs.org/on-finished cache-miss
106 http fetch GET 200 https://registry.npmjs.org/parseurl 210ms (cache miss)
107 silly packumentCache full:https://registry.npmjs.org/parseurl set size:undefined disposed:false
108 silly fetch manifest safe-buffer@5.2.1
109 silly packumentCache full:https://registry.npmjs.org/safe-buffer cache-miss
110 http fetch GET 200 https://registry.npmjs.org/statuses 210ms (cache miss)
111 silly packumentCache full:https://registry.npmjs.org/statuses set size:undefined disposed:false
112 silly fetch manifest utils-merge@1.0.1
113 silly packumentCache full:https://registry.npmjs.org/utils-merge cache-miss
114 http fetch GET 200 https://registry.npmjs.org/proxy-addr 164ms (cache miss)
115 silly packumentCache full:https://registry.npmjs.org/proxy-addr set size:undefined disposed:false
116 silly fetch manifest content-type@~1.0.4
117 silly packumentCache full:https://registry.npmjs.org/content-type cache-miss
118 http fetch GET 200 https://registry.npmjs.org/body-parser 232ms (cache miss)
119 silly packumentCache full:https://registry.npmjs.org/body-parser set size:undefined disposed:false
120 silly fetch manifest finalhandler@~1.3.1
121 silly packumentCache full:https://registry.npmjs.org/finalhandler cache-miss
122 http fetch GET 200 https://registry.npmjs.org/escape-html 251ms (cache miss)
123 silly packumentCache full:https://registry.npmjs.org/escape-html set size:undefined disposed:false
124 silly fetch manifest range-parser@~1.2.1
125 silly packumentCache full:https://registry.npmjs.org/range-parser cache-miss
126 http fetch GET 200 https://registry.npmjs.org/on-finished 184ms (cache miss)
127 silly packumentCache full:https://registry.npmjs.org/on-finished set size:undefined disposed:false
128 silly fetch manifest serve-static@~1.16.2
129 silly packumentCache full:https://registry.npmjs.org/serve-static cache-miss
130 http fetch GET 200 https://registry.npmjs.org/safe-buffer 179ms (cache miss)
131 silly packumentCache full:https://registry.npmjs.org/safe-buffer set size:undefined disposed:false
132 silly fetch manifest array-flatten@1.1.1
133 silly packumentCache full:https://registry.npmjs.org/array-flatten cache-miss
134 http fetch GET 200 https://registry.npmjs.org/http-errors 271ms (cache miss)
135 silly packumentCache full:https://registry.npmjs.org/http-errors set size:undefined disposed:false
136 silly fetch manifest path-to-regexp@~0.1.12
137 silly packumentCache full:https://registry.npmjs.org/path-to-regexp cache-miss
138 http fetch GET 200 https://registry.npmjs.org/utils-merge 197ms (cache miss)
139 silly packumentCache full:https://registry.npmjs.org/utils-merge set size:undefined disposed:false
140 silly fetch manifest setprototypeof@1.2.0
141 silly packumentCache full:https://registry.npmjs.org/setprototypeof cache-miss
142 http fetch GET 200 https://registry.npmjs.org/content-type 198ms (cache miss)
143 silly packumentCache full:https://registry.npmjs.org/content-type set size:undefined disposed:false
144 silly fetch manifest cookie-signature@~1.0.6
145 silly packumentCache full:https://registry.npmjs.org/cookie-signature cache-miss
146 http fetch GET 200 https://registry.npmjs.org/finalhandler 134ms (cache miss)
147 silly packumentCache full:https://registry.npmjs.org/finalhandler set size:undefined disposed:false
148 silly fetch manifest merge-descriptors@1.0.3
149 silly packumentCache full:https://registry.npmjs.org/merge-descriptors cache-miss
150 http fetch GET 200 https://registry.npmjs.org/array-flatten 304ms (cache miss)
151 silly packumentCache full:https://registry.npmjs.org/array-flatten set size:undefined disposed:false
152 silly fetch manifest content-disposition@~0.5.4
153 silly packumentCache full:https://registry.npmjs.org/content-disposition cache-miss
154 http fetch GET 200 https://registry.npmjs.org/range-parser 341ms (cache miss)
155 silly packumentCache full:https://registry.npmjs.org/range-parser set size:undefined disposed:false
156 silly fetch manifest bindings@^1.5.0
157 silly packumentCache full:https://registry.npmjs.org/bindings cache-miss
158 http fetch GET 200 https://registry.npmjs.org/merge-descriptors 236ms (cache miss)
159 silly packumentCache full:https://registry.npmjs.org/merge-descriptors set size:undefined disposed:false
160 silly fetch manifest cardinal@^2.1.1
161 silly packumentCache full:https://registry.npmjs.org/cardinal cache-miss
162 http fetch GET 200 https://registry.npmjs.org/setprototypeof 297ms (cache miss)
163 silly packumentCache full:https://registry.npmjs.org/setprototypeof set size:undefined disposed:false
164 silly fetch manifest cli-color@^2.0.0
165 silly packumentCache full:https://registry.npmjs.org/cli-color cache-miss
166 http fetch GET 200 https://registry.npmjs.org/serve-static 343ms (cache miss)
167 silly packumentCache full:https://registry.npmjs.org/serve-static set size:undefined disposed:false
168 silly fetch manifest deasync@^0.1.15
169 silly packumentCache full:https://registry.npmjs.org/deasync cache-miss
170 http fetch GET 200 https://registry.npmjs.org/cookie-signature 312ms (cache miss)
171 silly packumentCache full:https://registry.npmjs.org/cookie-signature set size:undefined disposed:false
172 silly fetch manifest escope@^3.6.0
173 silly packumentCache full:https://registry.npmjs.org/escope cache-miss
174 http fetch GET 200 https://registry.npmjs.org/path-to-regexp 385ms (cache miss)
175 silly packumentCache full:https://registry.npmjs.org/path-to-regexp set size:undefined disposed:false
176 silly fetch manifest esprima@^4.0.1
177 silly packumentCache full:https://registry.npmjs.org/esprima cache-miss
178 http fetch GET 200 https://registry.npmjs.org/content-disposition 302ms (cache miss)
179 silly packumentCache full:https://registry.npmjs.org/content-disposition set size:undefined disposed:false
180 silly fetch manifest estraverse@^4.3.0
181 silly packumentCache full:https://registry.npmjs.org/estraverse cache-miss
182 http fetch GET 200 https://registry.npmjs.org/bindings 319ms (cache miss)
183 silly packumentCache full:https://registry.npmjs.org/bindings set size:undefined disposed:false
184 silly fetch manifest lodash@^4.17.15
185 silly packumentCache full:https://registry.npmjs.org/lodash cache-miss
186 http fetch GET 200 https://registry.npmjs.org/cardinal 321ms (cache miss)
187 silly packumentCache full:https://registry.npmjs.org/cardinal set size:undefined disposed:false
188 silly fetch manifest md5@^2.2.1
189 silly packumentCache full:https://registry.npmjs.org/md5 cache-miss
190 http fetch GET 200 https://registry.npmjs.org/escope 282ms (cache miss)
191 silly packumentCache full:https://registry.npmjs.org/escope set size:undefined disposed:false
192 silly fetch manifest parse-stack@^0.1.4
193 silly packumentCache full:https://registry.npmjs.org/parse-stack cache-miss
194 http fetch GET 200 https://registry.npmjs.org/cli-color 347ms (cache miss)
195 silly packumentCache full:https://registry.npmjs.org/cli-color set size:undefined disposed:false
196 silly fetch manifest prompt@^1.0.0
197 silly packumentCache full:https://registry.npmjs.org/prompt cache-miss
198 http fetch GET 200 https://registry.npmjs.org/esprima 266ms (cache miss)
199 silly packumentCache full:https://registry.npmjs.org/esprima set size:undefined disposed:false
200 silly fetch manifest readline-history@^1.2.0
201 silly packumentCache full:https://registry.npmjs.org/readline-history cache-miss
202 http fetch GET 200 https://registry.npmjs.org/deasync 362ms (cache miss)
203 silly packumentCache full:https://registry.npmjs.org/deasync set size:undefined disposed:false
204 silly fetch manifest pgpass@1.0.5
205 silly packumentCache full:https://registry.npmjs.org/pgpass cache-miss
206 http fetch GET 200 https://registry.npmjs.org/estraverse 160ms (cache miss)
207 silly packumentCache full:https://registry.npmjs.org/estraverse set size:undefined disposed:false
208 silly fetch manifest pg-pool@^3.14.0
209 silly packumentCache full:https://registry.npmjs.org/pg-pool cache-miss
210 http fetch GET 200 https://registry.npmjs.org/lodash 165ms (cache miss)
211 silly packumentCache full:https://registry.npmjs.org/lodash set size:undefined disposed:false
212 silly fetch manifest pg-types@2.2.0
213 silly packumentCache full:https://registry.npmjs.org/pg-types cache-miss
214 http fetch GET 200 https://registry.npmjs.org/md5 189ms (cache miss)
215 silly packumentCache full:https://registry.npmjs.org/md5 set size:undefined disposed:false
216 silly fetch manifest pg-protocol@^1.16.0
217 silly packumentCache full:https://registry.npmjs.org/pg-protocol cache-miss
218 http fetch GET 200 https://registry.npmjs.org/pgpass 140ms (cache miss)
219 silly packumentCache full:https://registry.npmjs.org/pgpass set size:undefined disposed:false
220 silly fetch manifest pg-connection-string@^2.14.0
221 silly packumentCache full:https://registry.npmjs.org/pg-connection-string cache-miss
222 http fetch GET 200 https://registry.npmjs.org/parse-stack 210ms (cache miss)
223 silly packumentCache full:https://registry.npmjs.org/parse-stack set size:undefined disposed:false
224 silly fetch manifest pg-cloudflare@^1.4.0
225 silly packumentCache full:https://registry.npmjs.org/pg-cloudflare cache-miss
226 http fetch GET 200 https://registry.npmjs.org/prompt 210ms (cache miss)
227 silly packumentCache full:https://registry.npmjs.org/prompt set size:undefined disposed:false
228 silly fetch manifest methods@^1.1.2
229 silly packumentCache full:https://registry.npmjs.org/methods cache-miss
230 http fetch GET 200 https://registry.npmjs.org/readline-history 210ms (cache miss)
231 silly packumentCache full:https://registry.npmjs.org/readline-history set size:undefined disposed:false
232 silly fetch manifest superagent@^3.8.3
233 silly packumentCache full:https://registry.npmjs.org/superagent cache-miss
234 http fetch GET 200 https://registry.npmjs.org/pg-types 98ms (cache miss)
235 silly packumentCache full:https://registry.npmjs.org/pg-types set size:undefined disposed:false
236 http fetch GET 200 https://registry.npmjs.org/pg-pool 145ms (cache miss)
237 silly packumentCache full:https://registry.npmjs.org/pg-pool set size:undefined disposed:false
238 http cache https://registry.npmjs.org/methods 53ms (cache hit)
239 silly packumentCache full:https://registry.npmjs.org/methods set size:12600 disposed:false
240 http fetch GET 200 https://registry.npmjs.org/pg-protocol 144ms (cache miss)
241 silly packumentCache full:https://registry.npmjs.org/pg-protocol set size:undefined disposed:false
242 http fetch GET 200 https://registry.npmjs.org/pg-connection-string 134ms (cache miss)
243 silly packumentCache full:https://registry.npmjs.org/pg-connection-string set size:undefined disposed:false
244 http fetch GET 200 https://registry.npmjs.org/pg-cloudflare 132ms (cache miss)
245 silly packumentCache full:https://registry.npmjs.org/pg-cloudflare set size:undefined disposed:false
246 http fetch GET 200 https://registry.npmjs.org/superagent 182ms (cache miss)
247 silly packumentCache full:https://registry.npmjs.org/superagent set size:undefined disposed:false
248 silly placeDep ROOT accepts@1.3.8 OK for: express@4.22.2 want: ~1.3.8
249 silly placeDep ROOT array-flatten@1.1.1 OK for: express@4.22.2 want: 1.1.1
250 silly placeDep ROOT body-parser@1.20.6 OK for: express@4.22.2 want: ~1.20.5
251 silly placeDep ROOT content-disposition@0.5.4 OK for: express@4.22.2 want: ~0.5.4
252 silly placeDep ROOT content-type@1.0.5 OK for: express@4.22.2 want: ~1.0.4
253 silly placeDep ROOT cookie@0.7.2 OK for: express@4.22.2 want: ~0.7.1
254 silly placeDep ROOT cookie-signature@1.0.7 OK for: express@4.22.2 want: ~1.0.6
255 silly placeDep ROOT debug@2.6.9 OK for: express@4.22.2 want: 2.6.9
256 silly placeDep ROOT depd@2.0.0 OK for: express@4.22.2 want: 2.0.0
257 silly placeDep ROOT encodeurl@2.0.0 OK for: express@4.22.2 want: ~2.0.0
258 silly placeDep ROOT escape-html@1.0.3 OK for: express@4.22.2 want: ~1.0.3
259 silly placeDep ROOT etag@1.8.1 OK for: express@4.22.2 want: ~1.8.1
260 silly placeDep ROOT finalhandler@1.3.2 OK for: express@4.22.2 want: ~1.3.1
261 silly placeDep ROOT fresh@0.5.2 OK for: express@4.22.2 want: ~0.5.2
262 silly placeDep ROOT http-errors@2.0.1 OK for: express@4.22.2 want: ~2.0.0
263 silly placeDep ROOT merge-descriptors@1.0.3 OK for: express@4.22.2 want: 1.0.3
264 silly placeDep ROOT methods@1.1.2 OK for: express@4.22.2 want: ~1.1.2
265 silly placeDep ROOT on-finished@2.4.1 OK for: express@4.22.2 want: ~2.4.1
266 silly placeDep ROOT parseurl@1.3.3 OK for: express@4.22.2 want: ~1.3.3
267 silly placeDep ROOT path-to-regexp@0.1.13 OK for: express@4.22.2 want: ~0.1.12
268 silly placeDep ROOT proxy-addr@2.0.7 OK for: express@4.22.2 want: ~2.0.7
269 silly placeDep ROOT qs@6.15.3 OK for: express@4.22.2 want: ~6.15.1
270 silly placeDep ROOT range-parser@1.2.1 OK for: express@4.22.2 want: ~1.2.1
271 silly placeDep ROOT safe-buffer@5.2.1 OK for: express@4.22.2 want: 5.2.1
272 silly placeDep ROOT send@0.19.2 OK for: express@4.22.2 want: ~0.19.0
273 silly placeDep ROOT serve-static@1.16.3 OK for: express@4.22.2 want: ~1.16.2
274 silly placeDep ROOT setprototypeof@1.2.0 OK for: express@4.22.2 want: 1.2.0
275 silly placeDep ROOT statuses@2.0.2 OK for: express@4.22.2 want: ~2.0.1
276 silly placeDep ROOT type-is@1.6.18 OK for: express@4.22.2 want: ~1.6.18
277 silly placeDep ROOT utils-merge@1.0.1 OK for: express@4.22.2 want: 1.0.1
278 silly placeDep ROOT vary@1.1.2 OK for: express@4.22.2 want: ~1.1.2
279 silly fetch manifest mime-types@~2.1.34
280 silly packumentCache full:https://registry.npmjs.org/mime-types cache-miss
281 silly fetch manifest negotiator@0.6.3
282 silly packumentCache full:https://registry.npmjs.org/negotiator cache-miss
283 silly fetch manifest bytes@~3.1.2
284 silly packumentCache full:https://registry.npmjs.org/bytes cache-miss
285 silly fetch manifest unpipe@~1.0.0
286 silly packumentCache full:https://registry.npmjs.org/unpipe cache-miss
287 silly fetch manifest destroy@~1.2.0
288 silly packumentCache full:https://registry.npmjs.org/destroy cache-miss
289 silly fetch manifest raw-body@~2.5.3
290 silly packumentCache full:https://registry.npmjs.org/raw-body cache-miss
291 silly fetch manifest iconv-lite@~0.4.24
292 silly packumentCache full:https://registry.npmjs.org/iconv-lite cache-miss
293 http fetch GET 200 https://registry.npmjs.org/bytes 92ms (cache miss)
294 silly packumentCache full:https://registry.npmjs.org/bytes set size:undefined disposed:false
295 silly fetch manifest http-errors@~2.0.1
296 silly packumentCache full:https://registry.npmjs.org/http-errors cache-miss
297 http fetch GET 200 https://registry.npmjs.org/negotiator 103ms (cache miss)
298 silly packumentCache full:https://registry.npmjs.org/negotiator set size:undefined disposed:false
299 silly fetch manifest content-type@~1.0.5
300 silly packumentCache full:https://registry.npmjs.org/content-type cache-miss
301 http fetch GET 200 https://registry.npmjs.org/iconv-lite 115ms (cache miss)
302 silly packumentCache full:https://registry.npmjs.org/iconv-lite set size:undefined disposed:false
303 silly fetch manifest ms@2.0.0
304 silly packumentCache full:https://registry.npmjs.org/ms cache-miss
305 http cache https://registry.npmjs.org/http-errors 50ms (cache hit)
306 silly packumentCache full:https://registry.npmjs.org/http-errors set size:71987 disposed:false
307 silly fetch manifest unpipe@~1.0.0
308 silly packumentCache full:https://registry.npmjs.org/unpipe cache-miss
309 http cache https://registry.npmjs.org/content-type 62ms (cache hit)
310 silly packumentCache full:https://registry.npmjs.org/content-type set size:23936 disposed:false
311 silly fetch manifest statuses@~2.0.2
312 silly packumentCache full:https://registry.npmjs.org/statuses cache-miss
313 http fetch GET 200 https://registry.npmjs.org/mime-types 180ms (cache miss)
314 silly packumentCache full:https://registry.npmjs.org/mime-types set size:undefined disposed:false
315 silly fetch manifest inherits@~2.0.4
316 silly packumentCache full:https://registry.npmjs.org/inherits cache-miss
317 http fetch GET 200 https://registry.npmjs.org/unpipe 197ms (cache miss)
318 silly packumentCache full:https://registry.npmjs.org/unpipe set size:undefined disposed:false
319 silly fetch manifest setprototypeof@~1.2.0
320 silly packumentCache full:https://registry.npmjs.org/setprototypeof cache-miss
321 http fetch GET 200 https://registry.npmjs.org/destroy 211ms (cache miss)
322 silly packumentCache full:https://registry.npmjs.org/destroy set size:undefined disposed:false
323 silly fetch manifest statuses@~2.0.2
324 silly packumentCache full:https://registry.npmjs.org/statuses cache-miss
325 http fetch GET 200 https://registry.npmjs.org/unpipe 92ms (cache miss)
326 silly packumentCache full:https://registry.npmjs.org/unpipe set size:undefined disposed:false
327 silly fetch manifest toidentifier@~1.0.1
328 silly packumentCache full:https://registry.npmjs.org/toidentifier cache-miss
329 http fetch GET 200 https://registry.npmjs.org/raw-body 240ms (cache miss)
330 silly packumentCache full:https://registry.npmjs.org/raw-body set size:undefined disposed:false
331 silly fetch manifest ee-first@1.1.1
332 silly packumentCache full:https://registry.npmjs.org/ee-first cache-miss
333 http cache https://registry.npmjs.org/setprototypeof 66ms (cache hit)
334 silly packumentCache full:https://registry.npmjs.org/setprototypeof set size:14532 disposed:false
335 silly fetch manifest forwarded@0.2.0
336 silly packumentCache full:https://registry.npmjs.org/forwarded cache-miss
337 http cache https://registry.npmjs.org/statuses 96ms (cache hit)
338 silly packumentCache full:https://registry.npmjs.org/statuses set size:37117 disposed:false
339 silly fetch manifest ipaddr.js@1.9.1
340 silly packumentCache full:https://registry.npmjs.org/ipaddr.js cache-miss
341 http cache https://registry.npmjs.org/statuses 59ms (cache hit)
342 silly packumentCache full:https://registry.npmjs.org/statuses set size:37117 disposed:false
343 silly packumentCache full:https://registry.npmjs.org/statuses dispose
344 silly fetch manifest side-channel@^1.1.1
345 silly packumentCache full:https://registry.npmjs.org/side-channel cache-miss
346 http fetch GET 200 https://registry.npmjs.org/ms 255ms (cache miss)
347 silly packumentCache full:https://registry.npmjs.org/ms set size:undefined disposed:false
348 silly fetch manifest es-define-property@^1.0.1
349 silly packumentCache full:https://registry.npmjs.org/es-define-property cache-miss
350 http fetch GET 200 https://registry.npmjs.org/inherits 231ms (cache miss)
351 silly packumentCache full:https://registry.npmjs.org/inherits set size:undefined disposed:false
352 silly fetch manifest ms@2.1.3
353 silly packumentCache full:https://registry.npmjs.org/ms cache-miss
354 http fetch GET 200 https://registry.npmjs.org/toidentifier 174ms (cache miss)
355 silly packumentCache full:https://registry.npmjs.org/toidentifier set size:undefined disposed:false
356 silly fetch manifest mime@1.6.0
357 silly packumentCache full:https://registry.npmjs.org/mime cache-miss
358 http fetch GET 200 https://registry.npmjs.org/ee-first 168ms (cache miss)
359 silly packumentCache full:https://registry.npmjs.org/ee-first set size:undefined disposed:false
360 silly fetch manifest destroy@1.2.0
361 silly packumentCache full:https://registry.npmjs.org/destroy cache-miss
362 http fetch GET 200 https://registry.npmjs.org/side-channel 147ms (cache miss)
363 silly packumentCache full:https://registry.npmjs.org/side-channel set size:undefined disposed:false
364 silly fetch manifest mime-types@~2.1.24
365 silly packumentCache full:https://registry.npmjs.org/mime-types cache-miss
366 http fetch GET 200 https://registry.npmjs.org/forwarded 164ms (cache miss)
367 silly packumentCache full:https://registry.npmjs.org/forwarded set size:undefined disposed:false
368 silly fetch manifest media-typer@0.3.0
369 silly packumentCache full:https://registry.npmjs.org/media-typer cache-miss
370 http fetch GET 200 https://registry.npmjs.org/ipaddr.js 165ms (cache miss)
371 silly packumentCache full:https://registry.npmjs.org/ipaddr.js set size:undefined disposed:false
372 http cache https://registry.npmjs.org/ms 51ms (cache hit)
373 silly packumentCache full:https://registry.npmjs.org/ms set size:92208 disposed:false
374 http cache https://registry.npmjs.org/destroy 47ms (cache hit)
375 silly packumentCache full:https://registry.npmjs.org/destroy set size:15738 disposed:false
376 http cache https://registry.npmjs.org/mime-types 48ms (cache hit)
377 silly packumentCache full:https://registry.npmjs.org/mime-types set size:139110 disposed:false
378 http fetch GET 200 https://registry.npmjs.org/es-define-property 106ms (cache miss)
379 silly packumentCache full:https://registry.npmjs.org/es-define-property set size:undefined disposed:false
380 http fetch GET 200 https://registry.npmjs.org/mime 86ms (cache miss)
381 silly packumentCache full:https://registry.npmjs.org/mime set size:undefined disposed:false
382 http fetch GET 200 https://registry.npmjs.org/media-typer 115ms (cache miss)
383 silly packumentCache full:https://registry.npmjs.org/media-typer set size:undefined disposed:false
384 silly placeDep ROOT mime-types@2.1.35 OK for: accepts@1.3.8 want: ~2.1.34
385 silly placeDep ROOT negotiator@0.6.3 OK for: accepts@1.3.8 want: 0.6.3
386 silly fetch manifest mime-db@1.52.0
387 silly packumentCache full:https://registry.npmjs.org/mime-db cache-miss
388 http fetch GET 200 https://registry.npmjs.org/mime-db 73ms (cache miss)
389 silly packumentCache full:https://registry.npmjs.org/mime-db set size:undefined disposed:false
390 silly placeDep ROOT bytes@3.1.2 OK for: body-parser@1.20.6 want: ~3.1.2
391 silly placeDep ROOT destroy@1.2.0 OK for: body-parser@1.20.6 want: ~1.2.0
392 silly placeDep ROOT iconv-lite@0.4.24 OK for: body-parser@1.20.6 want: ~0.4.24
393 silly placeDep ROOT raw-body@2.5.3 OK for: body-parser@1.20.6 want: ~2.5.3
394 silly placeDep ROOT unpipe@1.0.0 OK for: body-parser@1.20.6 want: ~1.0.0
395 silly fetch manifest safer-buffer@>= 2.1.2 < 3
396 silly packumentCache full:https://registry.npmjs.org/safer-buffer cache-miss
397 http fetch GET 200 https://registry.npmjs.org/safer-buffer 66ms (cache miss)
398 silly packumentCache full:https://registry.npmjs.org/safer-buffer set size:undefined disposed:false
399 silly placeDep ROOT ms@2.0.0 OK for: debug@2.6.9 want: 2.0.0
400 silly placeDep ROOT inherits@2.0.4 OK for: http-errors@2.0.1 want: ~2.0.4
401 silly placeDep ROOT toidentifier@1.0.1 OK for: http-errors@2.0.1 want: ~1.0.1
402 silly placeDep ROOT safer-buffer@2.1.2 OK for: iconv-lite@0.4.24 want: >= 2.1.2 < 3
403 silly placeDep ROOT bindings@1.5.0 OK for: locus@2.0.4 want: ^1.5.0
404 silly placeDep ROOT cardinal@2.1.1 OK for: locus@2.0.4 want: ^2.1.1
405 silly placeDep ROOT cli-color@2.0.4 OK for: locus@2.0.4 want: ^2.0.0
406 silly placeDep ROOT deasync@0.1.31 OK for: locus@2.0.4 want: ^0.1.15
407 silly placeDep ROOT escope@3.6.0 OK for: locus@2.0.4 want: ^3.6.0
408 silly placeDep ROOT esprima@4.0.1 OK for: locus@2.0.4 want: ^4.0.1
409 silly placeDep ROOT estraverse@4.3.0 OK for: locus@2.0.4 want: ^4.3.0
410 silly placeDep ROOT lodash@4.18.1 OK for: locus@2.0.4 want: ^4.17.15
411 silly placeDep ROOT md5@2.3.0 OK for: locus@2.0.4 want: ^2.2.1
412 silly placeDep ROOT parse-stack@0.1.4 OK for: locus@2.0.4 want: ^0.1.4
413 silly placeDep ROOT prompt@1.3.0 OK for: locus@2.0.4 want: ^1.0.0
414 silly placeDep ROOT readline-history@1.2.0 OK for: locus@2.0.4 want: ^1.2.0
415 silly fetch manifest file-uri-to-path@1.0.0
416 silly packumentCache full:https://registry.npmjs.org/file-uri-to-path cache-miss
417 silly fetch manifest ansicolors@~0.3.2
418 silly packumentCache full:https://registry.npmjs.org/ansicolors cache-miss
419 silly fetch manifest redeyed@~2.1.0
420 silly packumentCache full:https://registry.npmjs.org/redeyed cache-miss
421 silly fetch manifest d@^1.0.1
422 silly packumentCache full:https://registry.npmjs.org/d cache-miss
423 silly fetch manifest es5-ext@^0.10.64
424 silly packumentCache full:https://registry.npmjs.org/es5-ext cache-miss
425 silly fetch manifest memoizee@^0.4.15
426 silly packumentCache full:https://registry.npmjs.org/memoizee cache-miss
427 silly fetch manifest timers-ext@^0.1.7
428 silly packumentCache full:https://registry.npmjs.org/timers-ext cache-miss
429 http fetch GET 200 https://registry.npmjs.org/memoizee 107ms (cache miss)
430 silly packumentCache full:https://registry.npmjs.org/memoizee set size:undefined disposed:false
431 silly fetch manifest es6-iterator@^2.0.3
432 silly packumentCache full:https://registry.npmjs.org/es6-iterator cache-miss
433 http fetch GET 200 https://registry.npmjs.org/d 130ms (cache miss)
434 silly packumentCache full:https://registry.npmjs.org/d set size:undefined disposed:false
435 silly fetch manifest node-addon-api@^1.7.1
436 silly packumentCache full:https://registry.npmjs.org/node-addon-api cache-miss
437 http fetch GET 200 https://registry.npmjs.org/timers-ext 147ms (cache miss)
438 silly packumentCache full:https://registry.npmjs.org/timers-ext set size:undefined disposed:false
439 silly fetch manifest es6-map@^0.1.3
440 silly packumentCache full:https://registry.npmjs.org/es6-map cache-miss
441 http fetch GET 200 https://registry.npmjs.org/redeyed 165ms (cache miss)
442 silly packumentCache full:https://registry.npmjs.org/redeyed set size:undefined disposed:false
443 silly fetch manifest es6-weak-map@^2.0.1
444 silly packumentCache full:https://registry.npmjs.org/es6-weak-map cache-miss
445 http fetch GET 200 https://registry.npmjs.org/file-uri-to-path 181ms (cache miss)
446 silly packumentCache full:https://registry.npmjs.org/file-uri-to-path set size:undefined disposed:false
447 silly fetch manifest esrecurse@^4.1.0
448 silly packumentCache full:https://registry.npmjs.org/esrecurse cache-miss
449 http fetch GET 200 https://registry.npmjs.org/ansicolors 187ms (cache miss)
450 silly packumentCache full:https://registry.npmjs.org/ansicolors set size:undefined disposed:false
451 silly fetch manifest estraverse@^4.1.1
452 silly packumentCache full:https://registry.npmjs.org/estraverse cache-miss
453 http fetch GET 200 https://registry.npmjs.org/es5-ext 193ms (cache miss)
454 silly packumentCache full:https://registry.npmjs.org/es5-ext set size:undefined disposed:false
455 silly fetch manifest crypt@0.0.2
456 silly packumentCache full:https://registry.npmjs.org/crypt cache-miss
457 http fetch GET 200 https://registry.npmjs.org/es6-iterator 92ms (cache miss)
458 silly packumentCache full:https://registry.npmjs.org/es6-iterator set size:undefined disposed:false
459 silly fetch manifest charenc@0.0.2
460 silly packumentCache full:https://registry.npmjs.org/charenc cache-miss
461 http cache https://registry.npmjs.org/estraverse 39ms (cache hit)
462 silly packumentCache full:https://registry.npmjs.org/estraverse set size:62412 disposed:false
463 silly fetch manifest is-buffer@~1.1.6
464 silly packumentCache full:https://registry.npmjs.org/is-buffer cache-miss
465 http fetch GET 200 https://registry.npmjs.org/es6-weak-map 84ms (cache miss)
466 silly packumentCache full:https://registry.npmjs.org/es6-weak-map set size:undefined disposed:false
467 silly fetch manifest read@1.0.x
468 silly packumentCache full:https://registry.npmjs.org/read cache-miss
469 http fetch GET 200 https://registry.npmjs.org/node-addon-api 129ms (cache miss)
470 silly packumentCache full:https://registry.npmjs.org/node-addon-api set size:undefined disposed:false
471 silly fetch manifest async@3.2.3
472 silly packumentCache full:https://registry.npmjs.org/async cache-miss
473 http fetch GET 200 https://registry.npmjs.org/esrecurse 124ms (cache miss)
474 silly packumentCache full:https://registry.npmjs.org/esrecurse set size:undefined disposed:false
475 silly fetch manifest winston@2.x
476 silly packumentCache full:https://registry.npmjs.org/winston cache-miss
477 http fetch GET 200 https://registry.npmjs.org/is-buffer 90ms (cache miss)
478 silly packumentCache full:https://registry.npmjs.org/is-buffer set size:undefined disposed:false
479 silly fetch manifest revalidator@0.1.x
480 silly packumentCache full:https://registry.npmjs.org/revalidator cache-miss
481 http fetch GET 200 https://registry.npmjs.org/crypt 116ms (cache miss)
482 silly packumentCache full:https://registry.npmjs.org/crypt set size:undefined disposed:false
483 silly fetch manifest @colors/colors@1.5.0
484 silly packumentCache full:https://registry.npmjs.org/@colors%2fcolors cache-miss
485 http fetch GET 200 https://registry.npmjs.org/es6-map 202ms (cache miss)
486 silly packumentCache full:https://registry.npmjs.org/es6-map set size:undefined disposed:false
487 http fetch GET 200 https://registry.npmjs.org/read 110ms (cache miss)
488 silly packumentCache full:https://registry.npmjs.org/read set size:undefined disposed:false
489 http fetch GET 200 https://registry.npmjs.org/charenc 162ms (cache miss)
490 silly packumentCache full:https://registry.npmjs.org/charenc set size:undefined disposed:false
491 http fetch GET 200 https://registry.npmjs.org/async 140ms (cache miss)
492 silly packumentCache full:https://registry.npmjs.org/async set size:undefined disposed:false
493 http fetch GET 200 https://registry.npmjs.org/revalidator 142ms (cache miss)
494 silly packumentCache full:https://registry.npmjs.org/revalidator set size:undefined disposed:false
495 http fetch GET 200 https://registry.npmjs.org/@colors%2fcolors 145ms (cache miss)
496 silly packumentCache full:https://registry.npmjs.org/@colors%2fcolors set size:undefined disposed:false
497 http fetch GET 200 https://registry.npmjs.org/winston 191ms (cache miss)
498 silly packumentCache full:https://registry.npmjs.org/winston set size:undefined disposed:false
499 silly placeDep ROOT file-uri-to-path@1.0.0 OK for: bindings@1.5.0 want: 1.0.0
500 silly placeDep ROOT ansicolors@0.3.2 OK for: cardinal@2.1.1 want: ~0.3.2
501 silly placeDep ROOT redeyed@2.1.1 OK for: cardinal@2.1.1 want: ~2.1.0
502 silly placeDep ROOT d@1.0.2 OK for: cli-color@2.0.4 want: ^1.0.1
503 silly placeDep ROOT es5-ext@0.10.64 OK for: cli-color@2.0.4 want: ^0.10.64
504 silly placeDep ROOT es6-iterator@2.0.3 OK for: cli-color@2.0.4 want: ^2.0.3
505 silly placeDep ROOT memoizee@0.4.17 OK for: cli-color@2.0.4 want: ^0.4.15
506 silly placeDep ROOT timers-ext@0.1.8 OK for: cli-color@2.0.4 want: ^0.1.7
507 silly fetch manifest type@^2.7.2
508 silly packumentCache full:https://registry.npmjs.org/type cache-miss
509 silly fetch manifest es6-symbol@^3.1.3
510 silly packumentCache full:https://registry.npmjs.org/es6-symbol cache-miss
511 silly fetch manifest esniff@^2.0.1
512 silly packumentCache full:https://registry.npmjs.org/esniff cache-miss
513 silly fetch manifest next-tick@^1.1.0
514 silly packumentCache full:https://registry.npmjs.org/next-tick cache-miss
515 silly fetch manifest es6-symbol@^3.1.1
516 silly packumentCache full:https://registry.npmjs.org/es6-symbol cache-miss
517 silly fetch manifest es6-weak-map@^2.0.3
518 silly packumentCache full:https://registry.npmjs.org/es6-weak-map cache-miss
519 silly fetch manifest event-emitter@^0.3.5
520 silly packumentCache full:https://registry.npmjs.org/event-emitter cache-miss
521 http cache https://registry.npmjs.org/es6-weak-map 50ms (cache hit)
522 silly packumentCache full:https://registry.npmjs.org/es6-weak-map set size:25483 disposed:false
523 silly fetch manifest is-promise@^2.2.2
524 silly packumentCache full:https://registry.npmjs.org/is-promise cache-miss
525 http fetch GET 200 https://registry.npmjs.org/next-tick 76ms (cache miss)
526 silly packumentCache full:https://registry.npmjs.org/next-tick set size:undefined disposed:false
527 silly fetch manifest lru-queue@^0.1.0
528 silly packumentCache full:https://registry.npmjs.org/lru-queue cache-miss
529 http fetch GET 200 https://registry.npmjs.org/es6-symbol 83ms (cache miss)
530 silly packumentCache full:https://registry.npmjs.org/es6-symbol set size:undefined disposed:false
531 http fetch GET 200 https://registry.npmjs.org/esniff 91ms (cache miss)
532 silly packumentCache full:https://registry.npmjs.org/esniff set size:undefined disposed:false
533 http fetch GET 200 https://registry.npmjs.org/es6-symbol 110ms (cache miss)
534 silly packumentCache full:https://registry.npmjs.org/es6-symbol set size:undefined disposed:false
535 http fetch GET 200 https://registry.npmjs.org/is-promise 64ms (cache miss)
536 silly packumentCache full:https://registry.npmjs.org/is-promise set size:undefined disposed:false
537 http fetch GET 200 https://registry.npmjs.org/event-emitter 122ms (cache miss)
538 silly packumentCache full:https://registry.npmjs.org/event-emitter set size:undefined disposed:false
539 http fetch GET 200 https://registry.npmjs.org/type 138ms (cache miss)
540 silly packumentCache full:https://registry.npmjs.org/type set size:undefined disposed:false
541 http fetch GET 200 https://registry.npmjs.org/lru-queue 92ms (cache miss)
542 silly packumentCache full:https://registry.npmjs.org/lru-queue set size:undefined disposed:false
543 silly placeDep ROOT type@2.7.3 OK for: d@1.0.2 want: ^2.7.2
544 silly placeDep ROOT node-addon-api@1.7.2 OK for: deasync@0.1.31 want: ^1.7.1
545 silly placeDep ROOT es6-symbol@3.1.4 OK for: es5-ext@0.10.64 want: ^3.1.3
546 silly placeDep ROOT esniff@2.0.1 OK for: es5-ext@0.10.64 want: ^2.0.1
547 silly placeDep ROOT next-tick@1.1.0 OK for: es5-ext@0.10.64 want: ^1.1.0
548 silly fetch manifest ext@^1.7.0
549 silly packumentCache full:https://registry.npmjs.org/ext cache-miss
550 http fetch GET 200 https://registry.npmjs.org/ext 90ms (cache miss)
551 silly packumentCache full:https://registry.npmjs.org/ext set size:undefined disposed:false
552 silly placeDep ROOT ext@1.7.0 OK for: es6-symbol@3.1.4 want: ^1.7.0
553 silly placeDep ROOT es6-map@0.1.5 OK for: escope@3.6.0 want: ^0.1.3
554 silly placeDep ROOT es6-weak-map@2.0.3 OK for: escope@3.6.0 want: ^2.0.1
555 silly placeDep ROOT esrecurse@4.3.0 OK for: escope@3.6.0 want: ^4.1.0
556 silly fetch manifest es6-set@~0.1.5
557 silly packumentCache full:https://registry.npmjs.org/es6-set cache-miss
558 silly fetch manifest event-emitter@~0.3.5
559 silly packumentCache full:https://registry.npmjs.org/event-emitter cache-miss
560 silly fetch manifest estraverse@^5.2.0
561 silly packumentCache full:https://registry.npmjs.org/estraverse cache-hit
562 http cache https://registry.npmjs.org/event-emitter 17ms (cache hit)
563 silly packumentCache full:https://registry.npmjs.org/event-emitter set size:26690 disposed:false
564 http fetch GET 200 https://registry.npmjs.org/es6-set 76ms (cache miss)
565 silly packumentCache full:https://registry.npmjs.org/es6-set set size:undefined disposed:false
566 silly placeDep ROOT es6-set@0.1.6 OK for: es6-map@0.1.5 want: ~0.1.5
567 silly placeDep ROOT event-emitter@0.3.5 OK for: es6-map@0.1.5 want: ~0.3.5
568 silly placeDep node_modules/esrecurse estraverse@5.3.0 OK for: esrecurse@4.3.0 want: ^5.2.0
569 silly placeDep ROOT charenc@0.0.2 OK for: md5@2.3.0 want: 0.0.2
570 silly placeDep ROOT crypt@0.0.2 OK for: md5@2.3.0 want: 0.0.2
571 silly placeDep ROOT is-buffer@1.1.6 OK for: md5@2.3.0 want: ~1.1.6
572 silly placeDep ROOT is-promise@2.2.2 OK for: memoizee@0.4.17 want: ^2.2.2
573 silly placeDep ROOT lru-queue@0.1.0 OK for: memoizee@0.4.17 want: ^0.1.0
574 silly placeDep ROOT mime-db@1.52.0 OK for: mime-types@2.1.35 want: 1.52.0
575 silly placeDep ROOT ee-first@1.1.1 OK for: on-finished@2.4.1 want: 1.1.1
576 silly fetch manifest pg@>=8.0
577 silly packumentCache full:https://registry.npmjs.org/pg cache-miss
578 http cache https://registry.npmjs.org/pg 21ms (cache hit)
579 silly packumentCache full:https://registry.npmjs.org/pg set size:482398 disposed:false
580 silly placeDep ROOT pg-cloudflare@1.4.0 OK for: pg@8.23.0 want: ^1.4.0
581 silly placeDep ROOT pg-connection-string@2.14.0 OK for: pg@8.23.0 want: ^2.14.0
582 silly placeDep ROOT pg-pool@3.14.0 OK for: pg@8.23.0 want: ^3.14.0
583 silly placeDep ROOT pg-protocol@1.16.0 OK for: pg@8.23.0 want: ^1.16.0
584 silly placeDep ROOT pg-types@2.2.0 OK for: pg@8.23.0 want: 2.2.0
585 silly placeDep ROOT pgpass@1.0.5 OK for: pg@8.23.0 want: 1.0.5
586 silly fetch manifest pg-int8@1.0.1
587 silly packumentCache full:https://registry.npmjs.org/pg-int8 cache-miss
588 silly fetch manifest postgres-date@~1.0.4
589 silly packumentCache full:https://registry.npmjs.org/postgres-date cache-miss
590 silly fetch manifest postgres-array@~2.0.0
591 silly packumentCache full:https://registry.npmjs.org/postgres-array cache-miss
592 silly fetch manifest postgres-bytea@~1.0.0
593 silly packumentCache full:https://registry.npmjs.org/postgres-bytea cache-miss
594 silly fetch manifest postgres-interval@^1.1.0
595 silly packumentCache full:https://registry.npmjs.org/postgres-interval cache-miss
596 silly fetch manifest split2@^4.1.0
597 silly packumentCache full:https://registry.npmjs.org/split2 cache-miss
598 http fetch GET 200 https://registry.npmjs.org/pg-int8 68ms (cache miss)
599 silly packumentCache full:https://registry.npmjs.org/pg-int8 set size:undefined disposed:false
600 http fetch GET 200 https://registry.npmjs.org/postgres-array 74ms (cache miss)
601 silly packumentCache full:https://registry.npmjs.org/postgres-array set size:undefined disposed:false
602 http fetch GET 200 https://registry.npmjs.org/postgres-date 79ms (cache miss)
603 silly packumentCache full:https://registry.npmjs.org/postgres-date set size:undefined disposed:false
604 http fetch GET 200 https://registry.npmjs.org/postgres-interval 90ms (cache miss)
605 silly packumentCache full:https://registry.npmjs.org/postgres-interval set size:undefined disposed:false
606 http fetch GET 200 https://registry.npmjs.org/split2 109ms (cache miss)
607 silly packumentCache full:https://registry.npmjs.org/split2 set size:undefined disposed:false
608 http fetch GET 200 https://registry.npmjs.org/postgres-bytea 137ms (cache miss)
609 silly packumentCache full:https://registry.npmjs.org/postgres-bytea set size:undefined disposed:false
610 silly placeDep ROOT pg-int8@1.0.1 OK for: pg-types@2.2.0 want: 1.0.1
611 silly placeDep ROOT postgres-array@2.0.0 OK for: pg-types@2.2.0 want: ~2.0.0
612 silly placeDep ROOT postgres-bytea@1.0.1 OK for: pg-types@2.2.0 want: ~1.0.0
613 silly placeDep ROOT postgres-date@1.0.7 OK for: pg-types@2.2.0 want: ~1.0.4
614 silly placeDep ROOT postgres-interval@1.2.0 OK for: pg-types@2.2.0 want: ^1.1.0
615 silly fetch manifest xtend@^4.0.0
616 silly packumentCache full:https://registry.npmjs.org/xtend cache-miss
617 http fetch GET 200 https://registry.npmjs.org/xtend 69ms (cache miss)
618 silly packumentCache full:https://registry.npmjs.org/xtend set size:undefined disposed:false
619 silly placeDep ROOT split2@4.2.0 OK for: pgpass@1.0.5 want: ^4.1.0
620 silly placeDep ROOT xtend@4.0.2 OK for: postgres-interval@1.2.0 want: ^4.0.0
621 silly placeDep ROOT @colors/colors@1.5.0 OK for: prompt@1.3.0 want: 1.5.0
622 silly placeDep ROOT async@3.2.3 OK for: prompt@1.3.0 want: 3.2.3
623 silly placeDep ROOT read@1.0.7 OK for: prompt@1.3.0 want: 1.0.x
624 silly placeDep ROOT revalidator@0.1.8 OK for: prompt@1.3.0 want: 0.1.x
625 silly placeDep ROOT winston@2.4.7 OK for: prompt@1.3.0 want: 2.x
626 silly fetch manifest mute-stream@~0.0.4
627 silly packumentCache full:https://registry.npmjs.org/mute-stream cache-miss
628 silly fetch manifest eyes@0.1.x
629 silly packumentCache full:https://registry.npmjs.org/eyes cache-miss
630 silly fetch manifest async@^2.6.4
631 silly packumentCache full:https://registry.npmjs.org/async cache-miss
632 silly fetch manifest cycle@1.0.x
633 silly packumentCache full:https://registry.npmjs.org/cycle cache-miss
634 silly fetch manifest colors@1.0.x
635 silly packumentCache full:https://registry.npmjs.org/colors cache-miss
636 silly fetch manifest isstream@0.1.x
637 silly packumentCache full:https://registry.npmjs.org/isstream cache-miss
638 silly fetch manifest stack-trace@0.0.x
639 silly packumentCache full:https://registry.npmjs.org/stack-trace cache-miss
640 http cache https://registry.npmjs.org/async 50ms (cache hit)
641 silly packumentCache full:https://registry.npmjs.org/async set size:230482 disposed:false
642 http fetch GET 200 https://registry.npmjs.org/colors 86ms (cache miss)
643 silly packumentCache full:https://registry.npmjs.org/colors set size:undefined disposed:false
644 http fetch GET 200 https://registry.npmjs.org/isstream 110ms (cache miss)
645 silly packumentCache full:https://registry.npmjs.org/isstream set size:undefined disposed:false
646 http fetch GET 200 https://registry.npmjs.org/mute-stream 129ms (cache miss)
647 silly packumentCache full:https://registry.npmjs.org/mute-stream set size:undefined disposed:false
648 http fetch GET 200 https://registry.npmjs.org/eyes 155ms (cache miss)
649 silly packumentCache full:https://registry.npmjs.org/eyes set size:undefined disposed:false
650 http fetch GET 200 https://registry.npmjs.org/stack-trace 148ms (cache miss)
651 silly packumentCache full:https://registry.npmjs.org/stack-trace set size:undefined disposed:false
652 http fetch GET 200 https://registry.npmjs.org/cycle 162ms (cache miss)
653 silly packumentCache full:https://registry.npmjs.org/cycle set size:undefined disposed:false
654 silly placeDep ROOT forwarded@0.2.0 OK for: proxy-addr@2.0.7 want: 0.2.0
655 silly placeDep ROOT ipaddr.js@1.9.1 OK for: proxy-addr@2.0.7 want: 1.9.1
656 silly placeDep ROOT es-define-property@1.0.1 OK for: qs@6.15.3 want: ^1.0.1
657 silly placeDep ROOT side-channel@1.1.1 OK for: qs@6.15.3 want: ^1.1.1
658 silly fetch manifest es-errors@^1.3.0
659 silly packumentCache full:https://registry.npmjs.org/es-errors cache-miss
660 silly fetch manifest object-inspect@^1.13.4
661 silly packumentCache full:https://registry.npmjs.org/object-inspect cache-miss
662 silly fetch manifest side-channel-list@^1.0.1
663 silly packumentCache full:https://registry.npmjs.org/side-channel-list cache-miss
664 silly fetch manifest side-channel-map@^1.0.1
665 silly packumentCache full:https://registry.npmjs.org/side-channel-map cache-miss
666 silly fetch manifest side-channel-weakmap@^1.0.2
667 silly packumentCache full:https://registry.npmjs.org/side-channel-weakmap cache-miss
668 http fetch GET 200 https://registry.npmjs.org/object-inspect 81ms (cache miss)
669 silly packumentCache full:https://registry.npmjs.org/object-inspect set size:undefined disposed:false
670 http fetch GET 200 https://registry.npmjs.org/es-errors 92ms (cache miss)
671 silly packumentCache full:https://registry.npmjs.org/es-errors set size:undefined disposed:false
672 http fetch GET 200 https://registry.npmjs.org/side-channel-list 104ms (cache miss)
673 silly packumentCache full:https://registry.npmjs.org/side-channel-list set size:undefined disposed:false
674 http fetch GET 200 https://registry.npmjs.org/side-channel-map 111ms (cache miss)
675 silly packumentCache full:https://registry.npmjs.org/side-channel-map set size:undefined disposed:false
676 http fetch GET 200 https://registry.npmjs.org/side-channel-weakmap 129ms (cache miss)
677 silly packumentCache full:https://registry.npmjs.org/side-channel-weakmap set size:undefined disposed:false
678 silly placeDep ROOT mute-stream@0.0.8 OK for: read@1.0.7 want: ~0.0.4
679 silly placeDep ROOT mime@1.6.0 OK for: send@0.19.2 want: 1.6.0
680 silly placeDep node_modules/send ms@2.1.3 OK for: send@0.19.2 want: 2.1.3
681 silly placeDep ROOT es-errors@1.3.0 OK for: side-channel@1.1.1 want: ^1.3.0
682 silly placeDep ROOT object-inspect@1.13.4 OK for: side-channel@1.1.1 want: ^1.13.4
683 silly placeDep ROOT side-channel-list@1.0.1 OK for: side-channel@1.1.1 want: ^1.0.1
684 silly placeDep ROOT side-channel-map@1.0.1 OK for: side-channel@1.1.1 want: ^1.0.1
685 silly placeDep ROOT side-channel-weakmap@1.0.2 OK for: side-channel@1.1.1 want: ^1.0.2
686 silly fetch manifest call-bound@^1.0.2
687 silly packumentCache full:https://registry.npmjs.org/call-bound cache-miss
688 silly fetch manifest get-intrinsic@^1.2.5
689 silly packumentCache full:https://registry.npmjs.org/get-intrinsic cache-miss
690 silly fetch manifest call-bound@^1.0.2
691 silly packumentCache full:https://registry.npmjs.org/call-bound cache-miss
692 silly fetch manifest get-intrinsic@^1.2.5
693 silly packumentCache full:https://registry.npmjs.org/get-intrinsic cache-miss
694 http fetch GET 200 https://registry.npmjs.org/call-bound 85ms (cache miss)
695 silly packumentCache full:https://registry.npmjs.org/call-bound set size:undefined disposed:false
696 http fetch GET 200 https://registry.npmjs.org/call-bound 90ms (cache miss)
697 silly packumentCache full:https://registry.npmjs.org/call-bound set size:undefined disposed:false
698 http fetch GET 200 https://registry.npmjs.org/get-intrinsic 96ms (cache miss)
699 silly packumentCache full:https://registry.npmjs.org/get-intrinsic set size:undefined disposed:false
700 http fetch GET 200 https://registry.npmjs.org/get-intrinsic 127ms (cache miss)
701 silly packumentCache full:https://registry.npmjs.org/get-intrinsic set size:undefined disposed:false
702 silly placeDep ROOT call-bound@1.0.4 OK for: side-channel-map@1.0.1 want: ^1.0.2
703 silly placeDep ROOT get-intrinsic@1.3.0 OK for: side-channel-map@1.0.1 want: ^1.2.5
704 silly fetch manifest call-bind-apply-helpers@^1.0.2
705 silly packumentCache full:https://registry.npmjs.org/call-bind-apply-helpers cache-miss
706 silly fetch manifest get-intrinsic@^1.3.0
707 silly packumentCache full:https://registry.npmjs.org/get-intrinsic cache-miss
708 silly fetch manifest gopd@^1.2.0
709 silly packumentCache full:https://registry.npmjs.org/gopd cache-miss
710 silly fetch manifest hasown@^2.0.2
711 silly packumentCache full:https://registry.npmjs.org/hasown cache-miss
712 silly fetch manifest get-proto@^1.0.1
713 silly packumentCache full:https://registry.npmjs.org/get-proto cache-miss
714 silly fetch manifest has-symbols@^1.1.0
715 silly packumentCache full:https://registry.npmjs.org/has-symbols cache-miss
716 silly fetch manifest function-bind@^1.1.2
717 silly packumentCache full:https://registry.npmjs.org/function-bind cache-miss
718 http cache https://registry.npmjs.org/get-intrinsic 61ms (cache hit)
719 silly packumentCache full:https://registry.npmjs.org/get-intrinsic set size:60985 disposed:false
720 silly fetch manifest es-object-atoms@^1.1.1
721 silly packumentCache full:https://registry.npmjs.org/es-object-atoms cache-miss
722 http fetch GET 200 https://registry.npmjs.org/call-bind-apply-helpers 97ms (cache miss)
723 silly packumentCache full:https://registry.npmjs.org/call-bind-apply-helpers set size:undefined disposed:false
724 silly fetch manifest math-intrinsics@^1.1.0
725 silly packumentCache full:https://registry.npmjs.org/math-intrinsics cache-miss
726 http fetch GET 200 https://registry.npmjs.org/hasown 107ms (cache miss)
727 silly packumentCache full:https://registry.npmjs.org/hasown set size:undefined disposed:false
728 http fetch GET 200 https://registry.npmjs.org/gopd 120ms (cache miss)
729 silly packumentCache full:https://registry.npmjs.org/gopd set size:undefined disposed:false
730 http fetch GET 200 https://registry.npmjs.org/has-symbols 128ms (cache miss)
731 silly packumentCache full:https://registry.npmjs.org/has-symbols set size:undefined disposed:false
732 http fetch GET 200 https://registry.npmjs.org/get-proto 132ms (cache miss)
733 silly packumentCache full:https://registry.npmjs.org/get-proto set size:undefined disposed:false
734 http fetch GET 200 https://registry.npmjs.org/function-bind 183ms (cache miss)
735 silly packumentCache full:https://registry.npmjs.org/function-bind set size:undefined disposed:false
736 http fetch GET 200 https://registry.npmjs.org/es-object-atoms 165ms (cache miss)
737 silly packumentCache full:https://registry.npmjs.org/es-object-atoms set size:undefined disposed:false
738 http fetch GET 200 https://registry.npmjs.org/math-intrinsics 133ms (cache miss)
739 silly packumentCache full:https://registry.npmjs.org/math-intrinsics set size:undefined disposed:false
740 silly placeDep ROOT call-bind-apply-helpers@1.0.2 OK for: call-bound@1.0.4 want: ^1.0.2
741 silly placeDep ROOT function-bind@1.1.2 OK for: call-bind-apply-helpers@1.0.2 want: ^1.1.2
742 silly placeDep ROOT es-object-atoms@1.1.2 OK for: get-intrinsic@1.3.0 want: ^1.1.1
743 silly placeDep ROOT get-proto@1.0.1 OK for: get-intrinsic@1.3.0 want: ^1.0.1
744 silly placeDep ROOT gopd@1.2.0 OK for: get-intrinsic@1.3.0 want: ^1.2.0
745 silly placeDep ROOT has-symbols@1.1.0 OK for: get-intrinsic@1.3.0 want: ^1.1.0
746 silly placeDep ROOT hasown@2.0.4 OK for: get-intrinsic@1.3.0 want: ^2.0.2
747 silly placeDep ROOT math-intrinsics@1.1.0 OK for: get-intrinsic@1.3.0 want: ^1.1.0
748 silly fetch manifest dunder-proto@^1.0.1
749 silly packumentCache full:https://registry.npmjs.org/dunder-proto cache-miss
750 http fetch GET 200 https://registry.npmjs.org/dunder-proto 133ms (cache miss)
751 silly packumentCache full:https://registry.npmjs.org/dunder-proto set size:undefined disposed:false
752 silly placeDep ROOT dunder-proto@1.0.1 OK for: get-proto@1.0.1 want: ^1.0.1
753 silly placeDep ROOT superagent@3.8.3 OK for: supertest@3.4.2 want: ^3.8.3
754 silly fetch manifest debug@^3.1.0
755 silly packumentCache full:https://registry.npmjs.org/debug cache-miss
756 silly fetch manifest extend@^3.0.0
757 silly packumentCache full:https://registry.npmjs.org/extend cache-miss
758 silly fetch manifest cookiejar@^2.1.0
759 silly packumentCache full:https://registry.npmjs.org/cookiejar cache-miss
760 silly fetch manifest form-data@^2.3.1
761 silly packumentCache full:https://registry.npmjs.org/form-data cache-miss
762 silly fetch manifest formidable@^1.2.0
763 silly packumentCache full:https://registry.npmjs.org/formidable cache-miss
764 silly fetch manifest readable-stream@^2.3.5
765 silly packumentCache full:https://registry.npmjs.org/readable-stream cache-miss
766 silly fetch manifest component-emitter@^1.2.0
767 silly packumentCache full:https://registry.npmjs.org/component-emitter cache-miss
768 http cache https://registry.npmjs.org/debug 37ms (cache hit)
769 silly packumentCache full:https://registry.npmjs.org/debug set size:195840 disposed:false
770 http fetch GET 200 https://registry.npmjs.org/cookiejar 114ms (cache miss)
771 silly packumentCache full:https://registry.npmjs.org/cookiejar set size:undefined disposed:false
772 http fetch GET 200 https://registry.npmjs.org/form-data 136ms (cache miss)
773 silly packumentCache full:https://registry.npmjs.org/form-data set size:undefined disposed:false
774 http fetch GET 200 https://registry.npmjs.org/component-emitter 144ms (cache miss)
775 silly packumentCache full:https://registry.npmjs.org/component-emitter set size:undefined disposed:false
776 http fetch GET 200 https://registry.npmjs.org/extend 152ms (cache miss)
777 silly packumentCache full:https://registry.npmjs.org/extend set size:undefined disposed:false
778 http fetch GET 200 https://registry.npmjs.org/formidable 156ms (cache miss)
779 silly packumentCache full:https://registry.npmjs.org/formidable set size:undefined disposed:false
780 http fetch GET 200 https://registry.npmjs.org/readable-stream 174ms (cache miss)
781 silly packumentCache full:https://registry.npmjs.org/readable-stream set size:undefined disposed:false
782 silly placeDep ROOT component-emitter@1.3.1 OK for: superagent@3.8.3 want: ^1.2.0
783 silly placeDep ROOT cookiejar@2.1.4 OK for: superagent@3.8.3 want: ^2.1.0
784 silly placeDep node_modules/superagent debug@3.2.7 OK for: superagent@3.8.3 want: ^3.1.0
785 silly placeDep ROOT extend@3.0.2 OK for: superagent@3.8.3 want: ^3.0.0
786 silly placeDep ROOT form-data@2.5.6 OK for: superagent@3.8.3 want: ^2.3.1
787 silly placeDep ROOT formidable@1.2.6 OK for: superagent@3.8.3 want: ^1.2.0
788 silly placeDep ROOT readable-stream@2.3.8 OK for: superagent@3.8.3 want: ^2.3.5
789 silly fetch manifest ms@^2.1.1
790 silly packumentCache full:https://registry.npmjs.org/ms cache-hit
791 silly fetch manifest asynckit@^0.4.0
792 silly packumentCache full:https://registry.npmjs.org/asynckit cache-miss
793 silly fetch manifest combined-stream@^1.0.8
794 silly packumentCache full:https://registry.npmjs.org/combined-stream cache-miss
795 silly fetch manifest es-set-tostringtag@^2.1.0
796 silly packumentCache full:https://registry.npmjs.org/es-set-tostringtag cache-miss
797 silly fetch manifest isarray@~1.0.0
798 silly packumentCache full:https://registry.npmjs.org/isarray cache-miss
799 silly fetch manifest safe-buffer@~5.1.1
800 silly packumentCache full:https://registry.npmjs.org/safe-buffer cache-miss
801 silly fetch manifest core-util-is@~1.0.0
802 silly packumentCache full:https://registry.npmjs.org/core-util-is cache-miss
803 silly fetch manifest string_decoder@~1.1.1
804 silly packumentCache full:https://registry.npmjs.org/string_decoder cache-miss
805 http cache https://registry.npmjs.org/safe-buffer 202ms (cache hit)
806 silly packumentCache full:https://registry.npmjs.org/safe-buffer set size:41183 disposed:false
807 silly fetch manifest util-deprecate@~1.0.1
808 silly packumentCache full:https://registry.npmjs.org/util-deprecate cache-miss
809 http fetch GET 200 https://registry.npmjs.org/isarray 295ms (cache miss)
810 silly packumentCache full:https://registry.npmjs.org/isarray set size:undefined disposed:false
811 silly fetch manifest process-nextick-args@~2.0.0
812 silly packumentCache full:https://registry.npmjs.org/process-nextick-args cache-miss
813 http fetch GET 200 https://registry.npmjs.org/es-set-tostringtag 301ms (cache miss)
814 silly packumentCache full:https://registry.npmjs.org/es-set-tostringtag set size:undefined disposed:false
815 http fetch GET 200 https://registry.npmjs.org/combined-stream 304ms (cache miss)
816 silly packumentCache full:https://registry.npmjs.org/combined-stream set size:undefined disposed:false
817 http fetch GET 200 https://registry.npmjs.org/asynckit 309ms (cache miss)
818 silly packumentCache full:https://registry.npmjs.org/asynckit set size:undefined disposed:false
819 http fetch GET 200 https://registry.npmjs.org/process-nextick-args 47ms (cache miss)
820 silly packumentCache full:https://registry.npmjs.org/process-nextick-args set size:undefined disposed:false
821 http fetch GET 200 https://registry.npmjs.org/util-deprecate 131ms (cache miss)
822 silly packumentCache full:https://registry.npmjs.org/util-deprecate set size:undefined disposed:false
823 http fetch GET 200 https://registry.npmjs.org/string_decoder 381ms (cache miss)
824 silly packumentCache full:https://registry.npmjs.org/string_decoder set size:undefined disposed:false
825 http fetch GET 200 https://registry.npmjs.org/core-util-is 401ms (cache miss)
826 silly packumentCache full:https://registry.npmjs.org/core-util-is set size:undefined disposed:false
827 silly placeDep ROOT asynckit@0.4.0 OK for: form-data@2.5.6 want: ^0.4.0
828 silly placeDep ROOT combined-stream@1.0.8 OK for: form-data@2.5.6 want: ^1.0.8
829 silly placeDep ROOT es-set-tostringtag@2.1.0 OK for: form-data@2.5.6 want: ^2.1.0
830 silly fetch manifest delayed-stream@~1.0.0
831 silly packumentCache full:https://registry.npmjs.org/delayed-stream cache-miss
832 silly fetch manifest has-tostringtag@^1.0.2
833 silly packumentCache full:https://registry.npmjs.org/has-tostringtag cache-miss
834 http fetch GET 200 https://registry.npmjs.org/delayed-stream 46ms (cache miss)
835 silly packumentCache full:https://registry.npmjs.org/delayed-stream set size:undefined disposed:false
836 http fetch GET 200 https://registry.npmjs.org/has-tostringtag 61ms (cache miss)
837 silly packumentCache full:https://registry.npmjs.org/has-tostringtag set size:undefined disposed:false
838 silly placeDep ROOT delayed-stream@1.0.0 OK for: combined-stream@1.0.8 want: ~1.0.0
839 silly placeDep ROOT has-tostringtag@1.0.2 OK for: es-set-tostringtag@2.1.0 want: ^1.0.2
840 silly placeDep ROOT core-util-is@1.0.3 OK for: readable-stream@2.3.8 want: ~1.0.0
841 silly placeDep ROOT isarray@1.0.0 OK for: readable-stream@2.3.8 want: ~1.0.0
842 silly placeDep ROOT process-nextick-args@2.0.1 OK for: readable-stream@2.3.8 want: ~2.0.0
843 silly placeDep node_modules/readable-stream safe-buffer@5.1.2 OK for: readable-stream@2.3.8 want: ~5.1.1
844 silly placeDep ROOT string_decoder@1.1.1 OK for: readable-stream@2.3.8 want: ~1.1.1
845 silly placeDep ROOT util-deprecate@1.0.2 OK for: readable-stream@2.3.8 want: ~1.0.1
846 silly fetch manifest safe-buffer@~5.1.0
847 silly packumentCache full:https://registry.npmjs.org/safe-buffer cache-hit
848 silly placeDep node_modules/string_decoder safe-buffer@5.1.2 OK for: string_decoder@1.1.1 want: ~5.1.0
849 silly placeDep ROOT media-typer@0.3.0 OK for: type-is@1.6.18 want: 0.3.0
850 silly placeDep node_modules/winston async@2.6.4 OK for: winston@2.4.7 want: ^2.6.4
851 silly placeDep ROOT colors@1.0.3 OK for: winston@2.4.7 want: 1.0.x
852 silly placeDep ROOT cycle@1.0.3 OK for: winston@2.4.7 want: 1.0.x
853 silly placeDep ROOT eyes@0.1.8 OK for: winston@2.4.7 want: 0.1.x
854 silly placeDep ROOT isstream@0.1.2 OK for: winston@2.4.7 want: 0.1.x
855 silly placeDep ROOT stack-trace@0.0.10 OK for: winston@2.4.7 want: 0.0.x
856 silly placeDep node_modules/superagent ms@2.1.3 OK for: debug@3.2.7 want: ^2.1.1
857 silly reify moves {}
858 silly audit bulk request {
858 silly audit   express: [ '4.22.2' ],
858 silly audit   jsonschema: [ '1.5.0' ],
858 silly audit   locus: [ '2.0.4' ],
858 silly audit   pg: [ '8.23.0' ],
858 silly audit   supertest: [ '3.4.2' ],
858 silly audit   accepts: [ '1.3.8' ],
858 silly audit   'array-flatten': [ '1.1.1' ],
858 silly audit   'body-parser': [ '1.20.6' ],
858 silly audit   'content-disposition': [ '0.5.4' ],
858 silly audit   'content-type': [ '1.0.5' ],
858 silly audit   cookie: [ '0.7.2' ],
858 silly audit   'cookie-signature': [ '1.0.7' ],
858 silly audit   debug: [ '2.6.9', '3.2.7' ],
858 silly audit   depd: [ '2.0.0' ],
858 silly audit   encodeurl: [ '2.0.0' ],
858 silly audit   'escape-html': [ '1.0.3' ],
858 silly audit   etag: [ '1.8.1' ],
858 silly audit   finalhandler: [ '1.3.2' ],
858 silly audit   fresh: [ '0.5.2' ],
858 silly audit   'http-errors': [ '2.0.1' ],
858 silly audit   'merge-descriptors': [ '1.0.3' ],
858 silly audit   methods: [ '1.1.2' ],
858 silly audit   'on-finished': [ '2.4.1' ],
858 silly audit   parseurl: [ '1.3.3' ],
858 silly audit   'path-to-regexp': [ '0.1.13' ],
858 silly audit   'proxy-addr': [ '2.0.7' ],
858 silly audit   qs: [ '6.15.3' ],
858 silly audit   'range-parser': [ '1.2.1' ],
858 silly audit   'safe-buffer': [ '5.2.1', '5.1.2' ],
858 silly audit   send: [ '0.19.2' ],
858 silly audit   'serve-static': [ '1.16.3' ],
858 silly audit   setprototypeof: [ '1.2.0' ],
858 silly audit   statuses: [ '2.0.2' ],
858 silly audit   'type-is': [ '1.6.18' ],
858 silly audit   'utils-merge': [ '1.0.1' ],
858 silly audit   vary: [ '1.1.2' ],
858 silly audit   'mime-types': [ '2.1.35' ],
858 silly audit   negotiator: [ '0.6.3' ],
858 silly audit   bytes: [ '3.1.2' ],
858 silly audit   destroy: [ '1.2.0' ],
858 silly audit   'iconv-lite': [ '0.4.24' ],
858 silly audit   'raw-body': [ '2.5.3' ],
858 silly audit   unpipe: [ '1.0.0' ],
858 silly audit   ms: [ '2.0.0', '2.1.3' ],
858 silly audit   inherits: [ '2.0.4' ],
858 silly audit   toidentifier: [ '1.0.1' ],
858 silly audit   'safer-buffer': [ '2.1.2' ],
858 silly audit   bindings: [ '1.5.0' ],
858 silly audit   cardinal: [ '2.1.1' ],
858 silly audit   'cli-color': [ '2.0.4' ],
858 silly audit   deasync: [ '0.1.31' ],
858 silly audit   escope: [ '3.6.0' ],
858 silly audit   esprima: [ '4.0.1' ],
858 silly audit   estraverse: [ '4.3.0', '5.3.0' ],
858 silly audit   lodash: [ '4.18.1' ],
858 silly audit   md5: [ '2.3.0' ],
858 silly audit   'parse-stack': [ '0.1.4' ],
858 silly audit   prompt: [ '1.3.0' ],
858 silly audit   'readline-history': [ '1.2.0' ],
858 silly audit   'file-uri-to-path': [ '1.0.0' ],
858 silly audit   ansicolors: [ '0.3.2' ],
858 silly audit   redeyed: [ '2.1.1' ],
858 silly audit   d: [ '1.0.2' ],
858 silly audit   'es5-ext': [ '0.10.64' ],
858 silly audit   'es6-iterator': [ '2.0.3' ],
858 silly audit   memoizee: [ '0.4.17' ],
858 silly audit   'timers-ext': [ '0.1.8' ],
858 silly audit   type: [ '2.7.3' ],
858 silly audit   'node-addon-api': [ '1.7.2' ],
858 silly audit   'es6-symbol': [ '3.1.4' ],
858 silly audit   esniff: [ '2.0.1' ],
858 silly audit   'next-tick': [ '1.1.0' ],
858 silly audit   ext: [ '1.7.0' ],
858 silly audit   'es6-map': [ '0.1.5' ],
858 silly audit   'es6-weak-map': [ '2.0.3' ],
858 silly audit   esrecurse: [ '4.3.0' ],
858 silly audit   'es6-set': [ '0.1.6' ],
858 silly audit   'event-emitter': [ '0.3.5' ],
858 silly audit   charenc: [ '0.0.2' ],
858 silly audit   crypt: [ '0.0.2' ],
858 silly audit   'is-buffer': [ '1.1.6' ],
858 silly audit   'is-promise': [ '2.2.2' ],
858 silly audit   'lru-queue': [ '0.1.0' ],
858 silly audit   'mime-db': [ '1.52.0' ],
858 silly audit   'ee-first': [ '1.1.1' ],
858 silly audit   'pg-cloudflare': [ '1.4.0' ],
858 silly audit   'pg-connection-string': [ '2.14.0' ],
858 silly audit   'pg-pool': [ '3.14.0' ],
858 silly audit   'pg-protocol': [ '1.16.0' ],
858 silly audit   'pg-types': [ '2.2.0' ],
858 silly audit   pgpass: [ '1.0.5' ],
858 silly audit   'pg-int8': [ '1.0.1' ],
858 silly audit   'postgres-array': [ '2.0.0' ],
858 silly audit   'postgres-bytea': [ '1.0.1' ],
858 silly audit   'postgres-date': [ '1.0.7' ],
858 silly audit   'postgres-interval': [ '1.2.0' ],
858 silly audit   split2: [ '4.2.0' ],
858 silly audit   xtend: [ '4.0.2' ],
858 silly audit   '@colors/colors': [ '1.5.0' ],
858 silly audit   async: [ '3.2.3', '2.6.4' ],
858 silly audit   read: [ '1.0.7' ],
858 silly audit   revalidator: [ '0.1.8' ],
858 silly audit   winston: [ '2.4.7' ],
858 silly audit   forwarded: [ '0.2.0' ],
858 silly audit   'ipaddr.js': [ '1.9.1' ],
858 silly audit   'es-define-property': [ '1.0.1' ],
858 silly audit   'side-channel': [ '1.1.1' ],
858 silly audit   'mute-stream': [ '0.0.8' ],
858 silly audit   mime: [ '1.6.0' ],
858 silly audit   'es-errors': [ '1.3.0' ],
858 silly audit   'object-inspect': [ '1.13.4' ],
858 silly audit   'side-channel-list': [ '1.0.1' ],
858 silly audit   'side-channel-map': [ '1.0.1' ],
858 silly audit   'side-channel-weakmap': [ '1.0.2' ],
858 silly audit   'call-bound': [ '1.0.4' ],
858 silly audit   'get-intrinsic': [ '1.3.0' ],
858 silly audit   'call-bind-apply-helpers': [ '1.0.2' ],
858 silly audit   'function-bind': [ '1.1.2' ],
858 silly audit   'es-object-atoms': [ '1.1.2' ],
858 silly audit   'get-proto': [ '1.0.1' ],
858 silly audit   gopd: [ '1.2.0' ],
858 silly audit   'has-symbols': [ '1.1.0' ],
858 silly audit   hasown: [ '2.0.4' ],
858 silly audit   'math-intrinsics': [ '1.1.0' ],
858 silly audit   'dunder-proto': [ '1.0.1' ],
858 silly audit   superagent: [ '3.8.3' ],
858 silly audit   'component-emitter': [ '1.3.1' ],
858 silly audit   cookiejar: [ '2.1.4' ],
858 silly audit   extend: [ '3.0.2' ],
858 silly audit   'form-data': [ '2.5.6' ],
858 silly audit   formidable: [ '1.2.6' ],
858 silly audit   'readable-stream': [ '2.3.8' ],
858 silly audit   asynckit: [ '0.4.0' ],
858 silly audit   'combined-stream': [ '1.0.8' ],
858 silly audit   'es-set-tostringtag': [ '2.1.0' ],
858 silly audit   'delayed-stream': [ '1.0.0' ],
858 silly audit   'has-tostringtag': [ '1.0.2' ],
858 silly audit   'core-util-is': [ '1.0.3' ],
858 silly audit   isarray: [ '1.0.0' ],
858 silly audit   'process-nextick-args': [ '2.0.1' ],
858 silly audit   string_decoder: [ '1.1.1' ],
858 silly audit   'util-deprecate': [ '1.0.2' ],
858 silly audit   'media-typer': [ '0.3.0' ],
858 silly audit   colors: [ '1.0.3' ],
858 silly audit   cycle: [ '1.0.3' ],
858 silly audit   eyes: [ '0.1.8' ],
858 silly audit   isstream: [ '0.1.2' ],
858 silly audit   'stack-trace': [ '0.0.10' ]
858 silly audit }
859 http cache stack-trace@https://registry.npmjs.org/stack-trace/-/stack-trace-0.0.10.tgz 0ms (cache hit)
860 http cache isstream@https://registry.npmjs.org/isstream/-/isstream-0.1.2.tgz 0ms (cache hit)
861 http cache eyes@https://registry.npmjs.org/eyes/-/eyes-0.1.8.tgz 1ms (cache hit)
862 http cache cycle@https://registry.npmjs.org/cycle/-/cycle-1.0.3.tgz 0ms (cache hit)
863 http cache colors@https://registry.npmjs.org/colors/-/colors-1.0.3.tgz 0ms (cache hit)
864 http cache media-typer@https://registry.npmjs.org/media-typer/-/media-typer-0.3.0.tgz 0ms (cache hit)
865 http cache util-deprecate@https://registry.npmjs.org/util-deprecate/-/util-deprecate-1.0.2.tgz 0ms (cache hit)
866 http cache string_decoder@https://registry.npmjs.org/string_decoder/-/string_decoder-1.1.1.tgz 0ms (cache hit)
867 http cache isarray@https://registry.npmjs.org/isarray/-/isarray-1.0.0.tgz 0ms (cache hit)
868 http cache process-nextick-args@https://registry.npmjs.org/process-nextick-args/-/process-nextick-args-2.0.1.tgz 0ms (cache hit)
869 http cache delayed-stream@https://registry.npmjs.org/delayed-stream/-/delayed-stream-1.0.0.tgz 0ms (cache hit)
870 http cache core-util-is@https://registry.npmjs.org/core-util-is/-/core-util-is-1.0.3.tgz 0ms (cache hit)
871 http cache es-set-tostringtag@https://registry.npmjs.org/es-set-tostringtag/-/es-set-tostringtag-2.1.0.tgz 0ms (cache hit)
872 http cache asynckit@https://registry.npmjs.org/asynckit/-/asynckit-0.4.0.tgz 0ms (cache hit)
873 http cache combined-stream@https://registry.npmjs.org/combined-stream/-/combined-stream-1.0.8.tgz 0ms (cache hit)
874 http cache has-tostringtag@https://registry.npmjs.org/has-tostringtag/-/has-tostringtag-1.0.2.tgz 0ms (cache hit)
875 http cache readable-stream@https://registry.npmjs.org/readable-stream/-/readable-stream-2.3.8.tgz 0ms (cache hit)
876 http cache extend@https://registry.npmjs.org/extend/-/extend-3.0.2.tgz 0ms (cache hit)
877 http cache cookiejar@https://registry.npmjs.org/cookiejar/-/cookiejar-2.1.4.tgz 0ms (cache hit)
878 http cache superagent@https://registry.npmjs.org/superagent/-/superagent-3.8.3.tgz 0ms (cache hit)
879 http cache component-emitter@https://registry.npmjs.org/component-emitter/-/component-emitter-1.3.1.tgz 0ms (cache hit)
880 http cache dunder-proto@https://registry.npmjs.org/dunder-proto/-/dunder-proto-1.0.1.tgz 0ms (cache hit)
881 http cache math-intrinsics@https://registry.npmjs.org/math-intrinsics/-/math-intrinsics-1.1.0.tgz 0ms (cache hit)
882 http cache hasown@https://registry.npmjs.org/hasown/-/hasown-2.0.4.tgz 0ms (cache hit)
883 http cache get-proto@https://registry.npmjs.org/get-proto/-/get-proto-1.0.1.tgz 0ms (cache hit)
884 http cache gopd@https://registry.npmjs.org/gopd/-/gopd-1.2.0.tgz 0ms (cache hit)
885 http cache has-symbols@https://registry.npmjs.org/has-symbols/-/has-symbols-1.1.0.tgz 0ms (cache hit)
886 http cache es-object-atoms@https://registry.npmjs.org/es-object-atoms/-/es-object-atoms-1.1.2.tgz 0ms (cache hit)
887 http cache call-bind-apply-helpers@https://registry.npmjs.org/call-bind-apply-helpers/-/call-bind-apply-helpers-1.0.2.tgz 0ms (cache hit)
888 http cache function-bind@https://registry.npmjs.org/function-bind/-/function-bind-1.1.2.tgz 0ms (cache hit)
889 http cache call-bound@https://registry.npmjs.org/call-bound/-/call-bound-1.0.4.tgz 0ms (cache hit)
890 http cache get-intrinsic@https://registry.npmjs.org/get-intrinsic/-/get-intrinsic-1.3.0.tgz 0ms (cache hit)
891 http cache side-channel-weakmap@https://registry.npmjs.org/side-channel-weakmap/-/side-channel-weakmap-1.0.2.tgz 0ms (cache hit)
892 http cache side-channel-map@https://registry.npmjs.org/side-channel-map/-/side-channel-map-1.0.1.tgz 0ms (cache hit)
893 http cache side-channel-list@https://registry.npmjs.org/side-channel-list/-/side-channel-list-1.0.1.tgz 0ms (cache hit)
894 http cache object-inspect@https://registry.npmjs.org/object-inspect/-/object-inspect-1.13.4.tgz 0ms (cache hit)
895 http cache es-errors@https://registry.npmjs.org/es-errors/-/es-errors-1.3.0.tgz 0ms (cache hit)
896 http cache mime@https://registry.npmjs.org/mime/-/mime-1.6.0.tgz 0ms (cache hit)
897 http cache mute-stream@https://registry.npmjs.org/mute-stream/-/mute-stream-0.0.8.tgz 0ms (cache hit)
898 http cache side-channel@https://registry.npmjs.org/side-channel/-/side-channel-1.1.1.tgz 0ms (cache hit)
899 http cache es-define-property@https://registry.npmjs.org/es-define-property/-/es-define-property-1.0.1.tgz 0ms (cache hit)
900 http cache forwarded@https://registry.npmjs.org/forwarded/-/forwarded-0.2.0.tgz 0ms (cache hit)
901 http cache ipaddr.js@https://registry.npmjs.org/ipaddr.js/-/ipaddr.js-1.9.1.tgz 0ms (cache hit)
902 http cache revalidator@https://registry.npmjs.org/revalidator/-/revalidator-0.1.8.tgz 0ms (cache hit)
903 http cache winston@https://registry.npmjs.org/winston/-/winston-2.4.7.tgz 0ms (cache hit)
904 http cache read@https://registry.npmjs.org/read/-/read-1.0.7.tgz 0ms (cache hit)
905 http cache @colors/colors@https://registry.npmjs.org/@colors/colors/-/colors-1.5.0.tgz 0ms (cache hit)
906 http cache async@https://registry.npmjs.org/async/-/async-3.2.3.tgz 0ms (cache hit)
907 http cache xtend@https://registry.npmjs.org/xtend/-/xtend-4.0.2.tgz 0ms (cache hit)
908 http cache split2@https://registry.npmjs.org/split2/-/split2-4.2.0.tgz 1ms (cache hit)
909 http cache postgres-interval@https://registry.npmjs.org/postgres-interval/-/postgres-interval-1.2.0.tgz 0ms (cache hit)
910 http cache postgres-date@https://registry.npmjs.org/postgres-date/-/postgres-date-1.0.7.tgz 0ms (cache hit)
911 http cache postgres-bytea@https://registry.npmjs.org/postgres-bytea/-/postgres-bytea-1.0.1.tgz 0ms (cache hit)
912 http cache postgres-array@https://registry.npmjs.org/postgres-array/-/postgres-array-2.0.0.tgz 0ms (cache hit)
913 http cache pg-int8@https://registry.npmjs.org/pg-int8/-/pg-int8-1.0.1.tgz 0ms (cache hit)
914 http cache pgpass@https://registry.npmjs.org/pgpass/-/pgpass-1.0.5.tgz 0ms (cache hit)
915 http cache pg-types@https://registry.npmjs.org/pg-types/-/pg-types-2.2.0.tgz 0ms (cache hit)
916 http cache pg-protocol@https://registry.npmjs.org/pg-protocol/-/pg-protocol-1.16.0.tgz 0ms (cache hit)
917 http cache pg-pool@https://registry.npmjs.org/pg-pool/-/pg-pool-3.14.0.tgz 0ms (cache hit)
918 http cache pg-connection-string@https://registry.npmjs.org/pg-connection-string/-/pg-connection-string-2.14.0.tgz 0ms (cache hit)
919 http cache pg-cloudflare@https://registry.npmjs.org/pg-cloudflare/-/pg-cloudflare-1.4.0.tgz 0ms (cache hit)
920 http cache ee-first@https://registry.npmjs.org/ee-first/-/ee-first-1.1.1.tgz 0ms (cache hit)
921 http cache mime-db@https://registry.npmjs.org/mime-db/-/mime-db-1.52.0.tgz 0ms (cache hit)
922 http cache lru-queue@https://registry.npmjs.org/lru-queue/-/lru-queue-0.1.0.tgz 0ms (cache hit)
923 http cache is-promise@https://registry.npmjs.org/is-promise/-/is-promise-2.2.2.tgz 1ms (cache hit)
924 http cache is-buffer@https://registry.npmjs.org/is-buffer/-/is-buffer-1.1.6.tgz 0ms (cache hit)
925 http cache charenc@https://registry.npmjs.org/charenc/-/charenc-0.0.2.tgz 0ms (cache hit)
926 http cache crypt@https://registry.npmjs.org/crypt/-/crypt-0.0.2.tgz 0ms (cache hit)
927 http cache es6-set@https://registry.npmjs.org/es6-set/-/es6-set-0.1.6.tgz 0ms (cache hit)
928 http cache event-emitter@https://registry.npmjs.org/event-emitter/-/event-emitter-0.3.5.tgz 0ms (cache hit)
929 http cache esrecurse@https://registry.npmjs.org/esrecurse/-/esrecurse-4.3.0.tgz 0ms (cache hit)
930 http cache es6-weak-map@https://registry.npmjs.org/es6-weak-map/-/es6-weak-map-2.0.3.tgz 0ms (cache hit)
931 http cache ext@https://registry.npmjs.org/ext/-/ext-1.7.0.tgz 0ms (cache hit)
932 http cache es6-map@https://registry.npmjs.org/es6-map/-/es6-map-0.1.5.tgz 1ms (cache hit)
933 http cache next-tick@https://registry.npmjs.org/next-tick/-/next-tick-1.1.0.tgz 0ms (cache hit)
934 http cache esniff@https://registry.npmjs.org/esniff/-/esniff-2.0.1.tgz 0ms (cache hit)
935 http cache es6-symbol@https://registry.npmjs.org/es6-symbol/-/es6-symbol-3.1.4.tgz 0ms (cache hit)
936 http cache node-addon-api@https://registry.npmjs.org/node-addon-api/-/node-addon-api-1.7.2.tgz 0ms (cache hit)
937 http cache timers-ext@https://registry.npmjs.org/timers-ext/-/timers-ext-0.1.8.tgz 0ms (cache hit)
938 http cache type@https://registry.npmjs.org/type/-/type-2.7.3.tgz 0ms (cache hit)
939 http cache memoizee@https://registry.npmjs.org/memoizee/-/memoizee-0.4.17.tgz 0ms (cache hit)
940 http cache es6-iterator@https://registry.npmjs.org/es6-iterator/-/es6-iterator-2.0.3.tgz 0ms (cache hit)
941 http cache redeyed@https://registry.npmjs.org/redeyed/-/redeyed-2.1.1.tgz 0ms (cache hit)
942 http cache d@https://registry.npmjs.org/d/-/d-1.0.2.tgz 0ms (cache hit)
943 http cache es5-ext@https://registry.npmjs.org/es5-ext/-/es5-ext-0.10.64.tgz 0ms (cache hit)
944 http cache ansicolors@https://registry.npmjs.org/ansicolors/-/ansicolors-0.3.2.tgz 1ms (cache hit)
945 http cache readline-history@https://registry.npmjs.org/readline-history/-/readline-history-1.2.0.tgz 0ms (cache hit)
946 http cache prompt@https://registry.npmjs.org/prompt/-/prompt-1.3.0.tgz 0ms (cache hit)
947 http cache file-uri-to-path@https://registry.npmjs.org/file-uri-to-path/-/file-uri-to-path-1.0.0.tgz 0ms (cache hit)
948 http cache parse-stack@https://registry.npmjs.org/parse-stack/-/parse-stack-0.1.4.tgz 0ms (cache hit)
949 http cache md5@https://registry.npmjs.org/md5/-/md5-2.3.0.tgz 0ms (cache hit)
950 http cache lodash@https://registry.npmjs.org/lodash/-/lodash-4.18.1.tgz 0ms (cache hit)
951 http cache estraverse@https://registry.npmjs.org/estraverse/-/estraverse-4.3.0.tgz 0ms (cache hit)
952 http cache esprima@https://registry.npmjs.org/esprima/-/esprima-4.0.1.tgz 0ms (cache hit)
953 http cache escope@https://registry.npmjs.org/escope/-/escope-3.6.0.tgz 0ms (cache hit)
954 http cache deasync@https://registry.npmjs.org/deasync/-/deasync-0.1.31.tgz 0ms (cache hit)
955 http cache bindings@https://registry.npmjs.org/bindings/-/bindings-1.5.0.tgz 0ms (cache hit)
956 http cache cli-color@https://registry.npmjs.org/cli-color/-/cli-color-2.0.4.tgz 0ms (cache hit)
957 http cache cardinal@https://registry.npmjs.org/cardinal/-/cardinal-2.1.1.tgz 0ms (cache hit)
958 http cache safer-buffer@https://registry.npmjs.org/safer-buffer/-/safer-buffer-2.1.2.tgz 0ms (cache hit)
959 http cache inherits@https://registry.npmjs.org/inherits/-/inherits-2.0.4.tgz 0ms (cache hit)
960 http cache toidentifier@https://registry.npmjs.org/toidentifier/-/toidentifier-1.0.1.tgz 0ms (cache hit)
961 http cache unpipe@https://registry.npmjs.org/unpipe/-/unpipe-1.0.0.tgz 0ms (cache hit)
962 http cache ms@https://registry.npmjs.org/ms/-/ms-2.0.0.tgz 0ms (cache hit)
963 http cache raw-body@https://registry.npmjs.org/raw-body/-/raw-body-2.5.3.tgz 1ms (cache hit)
964 http cache destroy@https://registry.npmjs.org/destroy/-/destroy-1.2.0.tgz 0ms (cache hit)
965 http cache bytes@https://registry.npmjs.org/bytes/-/bytes-3.1.2.tgz 0ms (cache hit)
966 http cache negotiator@https://registry.npmjs.org/negotiator/-/negotiator-0.6.3.tgz 0ms (cache hit)
967 http cache mime-types@https://registry.npmjs.org/mime-types/-/mime-types-2.1.35.tgz 0ms (cache hit)
968 http cache vary@https://registry.npmjs.org/vary/-/vary-1.1.2.tgz 0ms (cache hit)
969 http cache type-is@https://registry.npmjs.org/type-is/-/type-is-1.6.18.tgz 0ms (cache hit)
970 http cache utils-merge@https://registry.npmjs.org/utils-merge/-/utils-merge-1.0.1.tgz 1ms (cache hit)
971 http cache statuses@https://registry.npmjs.org/statuses/-/statuses-2.0.2.tgz 0ms (cache hit)
972 http cache iconv-lite@https://registry.npmjs.org/iconv-lite/-/iconv-lite-0.4.24.tgz 0ms (cache hit)
973 http cache setprototypeof@https://registry.npmjs.org/setprototypeof/-/setprototypeof-1.2.0.tgz 0ms (cache hit)
974 http cache safe-buffer@https://registry.npmjs.org/safe-buffer/-/safe-buffer-5.2.1.tgz 0ms (cache hit)
975 http cache send@https://registry.npmjs.org/send/-/send-0.19.2.tgz 0ms (cache hit)
976 http cache serve-static@https://registry.npmjs.org/serve-static/-/serve-static-1.16.3.tgz 0ms (cache hit)
977 http cache qs@https://registry.npmjs.org/qs/-/qs-6.15.3.tgz 0ms (cache hit)
978 http cache form-data@https://registry.npmjs.org/form-data/-/form-data-2.5.6.tgz 0ms (cache hit)
979 http cache proxy-addr@https://registry.npmjs.org/proxy-addr/-/proxy-addr-2.0.7.tgz 0ms (cache hit)
980 http cache formidable@https://registry.npmjs.org/formidable/-/formidable-1.2.6.tgz 0ms (cache hit)
981 http cache path-to-regexp@https://registry.npmjs.org/path-to-regexp/-/path-to-regexp-0.1.13.tgz 0ms (cache hit)
982 http cache parseurl@https://registry.npmjs.org/parseurl/-/parseurl-1.3.3.tgz 0ms (cache hit)
983 http cache methods@https://registry.npmjs.org/methods/-/methods-1.1.2.tgz 0ms (cache hit)
984 http cache range-parser@https://registry.npmjs.org/range-parser/-/range-parser-1.2.1.tgz 0ms (cache hit)
985 http cache merge-descriptors@https://registry.npmjs.org/merge-descriptors/-/merge-descriptors-1.0.3.tgz 0ms (cache hit)
986 http cache on-finished@https://registry.npmjs.org/on-finished/-/on-finished-2.4.1.tgz 0ms (cache hit)
987 http cache http-errors@https://registry.npmjs.org/http-errors/-/http-errors-2.0.1.tgz 0ms (cache hit)
988 http cache etag@https://registry.npmjs.org/etag/-/etag-1.8.1.tgz 0ms (cache hit)
989 http cache finalhandler@https://registry.npmjs.org/finalhandler/-/finalhandler-1.3.2.tgz 1ms (cache hit)
990 http cache fresh@https://registry.npmjs.org/fresh/-/fresh-0.5.2.tgz 0ms (cache hit)
991 http cache encodeurl@https://registry.npmjs.org/encodeurl/-/encodeurl-2.0.0.tgz 0ms (cache hit)
992 http cache cookie-signature@https://registry.npmjs.org/cookie-signature/-/cookie-signature-1.0.7.tgz 0ms (cache hit)
993 http cache debug@https://registry.npmjs.org/debug/-/debug-2.6.9.tgz 0ms (cache hit)
994 http cache escape-html@https://registry.npmjs.org/escape-html/-/escape-html-1.0.3.tgz 0ms (cache hit)
995 http cache depd@https://registry.npmjs.org/depd/-/depd-2.0.0.tgz 0ms (cache hit)
996 http cache cookie@https://registry.npmjs.org/cookie/-/cookie-0.7.2.tgz 0ms (cache hit)
997 http cache content-disposition@https://registry.npmjs.org/content-disposition/-/content-disposition-0.5.4.tgz 0ms (cache hit)
998 http cache array-flatten@https://registry.npmjs.org/array-flatten/-/array-flatten-1.1.1.tgz 0ms (cache hit)
999 http cache body-parser@https://registry.npmjs.org/body-parser/-/body-parser-1.20.6.tgz 0ms (cache hit)
1000 http cache accepts@https://registry.npmjs.org/accepts/-/accepts-1.3.8.tgz 0ms (cache hit)
1001 http cache supertest@https://registry.npmjs.org/supertest/-/supertest-3.4.2.tgz 0ms (cache hit)
1002 http cache pg@https://registry.npmjs.org/pg/-/pg-8.23.0.tgz 0ms (cache hit)
1003 http cache locus@https://registry.npmjs.org/locus/-/locus-2.0.4.tgz 0ms (cache hit)
1004 http cache jsonschema@https://registry.npmjs.org/jsonschema/-/jsonschema-1.5.0.tgz 0ms (cache hit)
1005 http cache express@https://registry.npmjs.org/express/-/express-4.22.2.tgz 0ms (cache hit)
1006 http cache safe-buffer@https://registry.npmjs.org/safe-buffer/-/safe-buffer-5.1.2.tgz 0ms (cache hit)
1007 http cache safe-buffer@https://registry.npmjs.org/safe-buffer/-/safe-buffer-5.1.2.tgz 0ms (cache hit)
1008 http cache ms@https://registry.npmjs.org/ms/-/ms-2.1.3.tgz 0ms (cache hit)
1009 http cache async@https://registry.npmjs.org/async/-/async-2.6.4.tgz 0ms (cache hit)
1010 http cache debug@https://registry.npmjs.org/debug/-/debug-3.2.7.tgz 0ms (cache hit)
1011 http cache content-type@https://registry.npmjs.org/content-type/-/content-type-1.0.5.tgz 0ms (cache hit)
1012 silly tarball no local data for stack-trace@https://registry.npmjs.org/stack-trace/-/stack-trace-0.0.10.tgz. Extracting by manifest.
1013 silly tarball no local data for isstream@https://registry.npmjs.org/isstream/-/isstream-0.1.2.tgz. Extracting by manifest.
1014 silly tarball no local data for eyes@https://registry.npmjs.org/eyes/-/eyes-0.1.8.tgz. Extracting by manifest.
1015 http cache estraverse@https://registry.npmjs.org/estraverse/-/estraverse-5.3.0.tgz 0ms (cache hit)
1016 silly tarball no local data for cycle@https://registry.npmjs.org/cycle/-/cycle-1.0.3.tgz. Extracting by manifest.
1017 silly tarball no local data for colors@https://registry.npmjs.org/colors/-/colors-1.0.3.tgz. Extracting by manifest.
1018 silly tarball no local data for media-typer@https://registry.npmjs.org/media-typer/-/media-typer-0.3.0.tgz. Extracting by manifest.
1019 silly tarball no local data for util-deprecate@https://registry.npmjs.org/util-deprecate/-/util-deprecate-1.0.2.tgz. Extracting by manifest.
1020 silly tarball no local data for string_decoder@https://registry.npmjs.org/string_decoder/-/string_decoder-1.1.1.tgz. Extracting by manifest.
1021 silly tarball no local data for isarray@https://registry.npmjs.org/isarray/-/isarray-1.0.0.tgz. Extracting by manifest.
1022 silly tarball no local data for process-nextick-args@https://registry.npmjs.org/process-nextick-args/-/process-nextick-args-2.0.1.tgz. Extracting by manifest.
1023 silly tarball no local data for delayed-stream@https://registry.npmjs.org/delayed-stream/-/delayed-stream-1.0.0.tgz. Extracting by manifest.
1024 silly tarball no local data for core-util-is@https://registry.npmjs.org/core-util-is/-/core-util-is-1.0.3.tgz. Extracting by manifest.
1025 silly tarball no local data for es-set-tostringtag@https://registry.npmjs.org/es-set-tostringtag/-/es-set-tostringtag-2.1.0.tgz. Extracting by manifest.
1026 silly tarball no local data for asynckit@https://registry.npmjs.org/asynckit/-/asynckit-0.4.0.tgz. Extracting by manifest.
1027 silly tarball no local data for combined-stream@https://registry.npmjs.org/combined-stream/-/combined-stream-1.0.8.tgz. Extracting by manifest.
1028 silly tarball no local data for has-tostringtag@https://registry.npmjs.org/has-tostringtag/-/has-tostringtag-1.0.2.tgz. Extracting by manifest.
1029 silly tarball no local data for readable-stream@https://registry.npmjs.org/readable-stream/-/readable-stream-2.3.8.tgz. Extracting by manifest.
1030 http cache ms@https://registry.npmjs.org/ms/-/ms-2.1.3.tgz 0ms (cache hit)
1031 silly tarball no local data for extend@https://registry.npmjs.org/extend/-/extend-3.0.2.tgz. Extracting by manifest.
1032 silly tarball no local data for cookiejar@https://registry.npmjs.org/cookiejar/-/cookiejar-2.1.4.tgz. Extracting by manifest.
1033 silly tarball no local data for superagent@https://registry.npmjs.org/superagent/-/superagent-3.8.3.tgz. Extracting by manifest.
1034 silly tarball no local data for component-emitter@https://registry.npmjs.org/component-emitter/-/component-emitter-1.3.1.tgz. Extracting by manifest.
1035 silly tarball no local data for dunder-proto@https://registry.npmjs.org/dunder-proto/-/dunder-proto-1.0.1.tgz. Extracting by manifest.
1036 silly tarball no local data for math-intrinsics@https://registry.npmjs.org/math-intrinsics/-/math-intrinsics-1.1.0.tgz. Extracting by manifest.
1037 silly tarball no local data for hasown@https://registry.npmjs.org/hasown/-/hasown-2.0.4.tgz. Extracting by manifest.
1038 silly tarball no local data for get-proto@https://registry.npmjs.org/get-proto/-/get-proto-1.0.1.tgz. Extracting by manifest.
1039 silly tarball no local data for gopd@https://registry.npmjs.org/gopd/-/gopd-1.2.0.tgz. Extracting by manifest.
1040 silly tarball no local data for has-symbols@https://registry.npmjs.org/has-symbols/-/has-symbols-1.1.0.tgz. Extracting by manifest.
1041 silly tarball no local data for es-object-atoms@https://registry.npmjs.org/es-object-atoms/-/es-object-atoms-1.1.2.tgz. Extracting by manifest.
1042 silly tarball no local data for call-bind-apply-helpers@https://registry.npmjs.org/call-bind-apply-helpers/-/call-bind-apply-helpers-1.0.2.tgz. Extracting by manifest.
1043 silly tarball no local data for function-bind@https://registry.npmjs.org/function-bind/-/function-bind-1.1.2.tgz. Extracting by manifest.
1044 silly tarball no local data for call-bound@https://registry.npmjs.org/call-bound/-/call-bound-1.0.4.tgz. Extracting by manifest.
1045 silly tarball no local data for get-intrinsic@https://registry.npmjs.org/get-intrinsic/-/get-intrinsic-1.3.0.tgz. Extracting by manifest.
1046 silly tarball no local data for side-channel-weakmap@https://registry.npmjs.org/side-channel-weakmap/-/side-channel-weakmap-1.0.2.tgz. Extracting by manifest.
1047 silly tarball no local data for side-channel-map@https://registry.npmjs.org/side-channel-map/-/side-channel-map-1.0.1.tgz. Extracting by manifest.
1048 silly tarball no local data for side-channel-list@https://registry.npmjs.org/side-channel-list/-/side-channel-list-1.0.1.tgz. Extracting by manifest.
1049 silly tarball no local data for object-inspect@https://registry.npmjs.org/object-inspect/-/object-inspect-1.13.4.tgz. Extracting by manifest.
1050 silly tarball no local data for es-errors@https://registry.npmjs.org/es-errors/-/es-errors-1.3.0.tgz. Extracting by manifest.
1051 silly tarball no local data for mime@https://registry.npmjs.org/mime/-/mime-1.6.0.tgz. Extracting by manifest.
1052 silly tarball no local data for mute-stream@https://registry.npmjs.org/mute-stream/-/mute-stream-0.0.8.tgz. Extracting by manifest.
1053 silly tarball no local data for side-channel@https://registry.npmjs.org/side-channel/-/side-channel-1.1.1.tgz. Extracting by manifest.
1054 silly tarball no local data for es-define-property@https://registry.npmjs.org/es-define-property/-/es-define-property-1.0.1.tgz. Extracting by manifest.
1055 silly tarball no local data for forwarded@https://registry.npmjs.org/forwarded/-/forwarded-0.2.0.tgz. Extracting by manifest.
1056 silly tarball no local data for ipaddr.js@https://registry.npmjs.org/ipaddr.js/-/ipaddr.js-1.9.1.tgz. Extracting by manifest.
1057 silly tarball no local data for revalidator@https://registry.npmjs.org/revalidator/-/revalidator-0.1.8.tgz. Extracting by manifest.
1058 silly tarball no local data for winston@https://registry.npmjs.org/winston/-/winston-2.4.7.tgz. Extracting by manifest.
1059 silly tarball no local data for read@https://registry.npmjs.org/read/-/read-1.0.7.tgz. Extracting by manifest.
1060 silly tarball no local data for @colors/colors@https://registry.npmjs.org/@colors/colors/-/colors-1.5.0.tgz. Extracting by manifest.
1061 silly tarball no local data for async@https://registry.npmjs.org/async/-/async-3.2.3.tgz. Extracting by manifest.
1062 silly tarball no local data for xtend@https://registry.npmjs.org/xtend/-/xtend-4.0.2.tgz. Extracting by manifest.
1063 silly tarball no local data for split2@https://registry.npmjs.org/split2/-/split2-4.2.0.tgz. Extracting by manifest.
1064 silly tarball no local data for postgres-interval@https://registry.npmjs.org/postgres-interval/-/postgres-interval-1.2.0.tgz. Extracting by manifest.
1065 silly tarball no local data for postgres-date@https://registry.npmjs.org/postgres-date/-/postgres-date-1.0.7.tgz. Extracting by manifest.
1066 silly tarball no local data for postgres-bytea@https://registry.npmjs.org/postgres-bytea/-/postgres-bytea-1.0.1.tgz. Extracting by manifest.
1067 silly tarball no local data for postgres-array@https://registry.npmjs.org/postgres-array/-/postgres-array-2.0.0.tgz. Extracting by manifest.
1068 silly tarball no local data for pg-int8@https://registry.npmjs.org/pg-int8/-/pg-int8-1.0.1.tgz. Extracting by manifest.
1069 silly tarball no local data for pgpass@https://registry.npmjs.org/pgpass/-/pgpass-1.0.5.tgz. Extracting by manifest.
1070 silly tarball no local data for pg-types@https://registry.npmjs.org/pg-types/-/pg-types-2.2.0.tgz. Extracting by manifest.
1071 silly tarball no local data for pg-protocol@https://registry.npmjs.org/pg-protocol/-/pg-protocol-1.16.0.tgz. Extracting by manifest.
1072 silly tarball no local data for pg-pool@https://registry.npmjs.org/pg-pool/-/pg-pool-3.14.0.tgz. Extracting by manifest.
1073 silly tarball no local data for pg-connection-string@https://registry.npmjs.org/pg-connection-string/-/pg-connection-string-2.14.0.tgz. Extracting by manifest.
1074 silly tarball no local data for pg-cloudflare@https://registry.npmjs.org/pg-cloudflare/-/pg-cloudflare-1.4.0.tgz. Extracting by manifest.
1075 silly tarball no local data for ee-first@https://registry.npmjs.org/ee-first/-/ee-first-1.1.1.tgz. Extracting by manifest.
1076 silly tarball no local data for mime-db@https://registry.npmjs.org/mime-db/-/mime-db-1.52.0.tgz. Extracting by manifest.
1077 silly tarball no local data for lru-queue@https://registry.npmjs.org/lru-queue/-/lru-queue-0.1.0.tgz. Extracting by manifest.
1078 silly tarball no local data for is-promise@https://registry.npmjs.org/is-promise/-/is-promise-2.2.2.tgz. Extracting by manifest.
1079 silly tarball no local data for is-buffer@https://registry.npmjs.org/is-buffer/-/is-buffer-1.1.6.tgz. Extracting by manifest.
1080 silly tarball no local data for charenc@https://registry.npmjs.org/charenc/-/charenc-0.0.2.tgz. Extracting by manifest.
1081 silly tarball no local data for crypt@https://registry.npmjs.org/crypt/-/crypt-0.0.2.tgz. Extracting by manifest.
1082 silly tarball no local data for es6-set@https://registry.npmjs.org/es6-set/-/es6-set-0.1.6.tgz. Extracting by manifest.
1083 silly tarball no local data for event-emitter@https://registry.npmjs.org/event-emitter/-/event-emitter-0.3.5.tgz. Extracting by manifest.
1084 silly tarball no local data for esrecurse@https://registry.npmjs.org/esrecurse/-/esrecurse-4.3.0.tgz. Extracting by manifest.
1085 silly tarball no local data for es6-weak-map@https://registry.npmjs.org/es6-weak-map/-/es6-weak-map-2.0.3.tgz. Extracting by manifest.
1086 silly tarball no local data for ext@https://registry.npmjs.org/ext/-/ext-1.7.0.tgz. Extracting by manifest.
1087 silly tarball no local data for es6-map@https://registry.npmjs.org/es6-map/-/es6-map-0.1.5.tgz. Extracting by manifest.
1088 silly tarball no local data for next-tick@https://registry.npmjs.org/next-tick/-/next-tick-1.1.0.tgz. Extracting by manifest.
1089 silly tarball no local data for esniff@https://registry.npmjs.org/esniff/-/esniff-2.0.1.tgz. Extracting by manifest.
1090 silly tarball no local data for es6-symbol@https://registry.npmjs.org/es6-symbol/-/es6-symbol-3.1.4.tgz. Extracting by manifest.
1091 silly tarball no local data for node-addon-api@https://registry.npmjs.org/node-addon-api/-/node-addon-api-1.7.2.tgz. Extracting by manifest.
1092 silly tarball no local data for timers-ext@https://registry.npmjs.org/timers-ext/-/timers-ext-0.1.8.tgz. Extracting by manifest.
1093 silly tarball no local data for type@https://registry.npmjs.org/type/-/type-2.7.3.tgz. Extracting by manifest.
1094 silly tarball no local data for memoizee@https://registry.npmjs.org/memoizee/-/memoizee-0.4.17.tgz. Extracting by manifest.
1095 silly tarball no local data for es6-iterator@https://registry.npmjs.org/es6-iterator/-/es6-iterator-2.0.3.tgz. Extracting by manifest.
1096 silly tarball no local data for redeyed@https://registry.npmjs.org/redeyed/-/redeyed-2.1.1.tgz. Extracting by manifest.
1097 silly tarball no local data for d@https://registry.npmjs.org/d/-/d-1.0.2.tgz. Extracting by manifest.
1098 silly tarball no local data for es5-ext@https://registry.npmjs.org/es5-ext/-/es5-ext-0.10.64.tgz. Extracting by manifest.
1099 silly tarball no local data for ansicolors@https://registry.npmjs.org/ansicolors/-/ansicolors-0.3.2.tgz. Extracting by manifest.
1100 silly tarball no local data for readline-history@https://registry.npmjs.org/readline-history/-/readline-history-1.2.0.tgz. Extracting by manifest.
1101 silly tarball no local data for prompt@https://registry.npmjs.org/prompt/-/prompt-1.3.0.tgz. Extracting by manifest.
1102 silly tarball no local data for file-uri-to-path@https://registry.npmjs.org/file-uri-to-path/-/file-uri-to-path-1.0.0.tgz. Extracting by manifest.
1103 silly tarball no local data for parse-stack@https://registry.npmjs.org/parse-stack/-/parse-stack-0.1.4.tgz. Extracting by manifest.
1104 silly tarball no local data for md5@https://registry.npmjs.org/md5/-/md5-2.3.0.tgz. Extracting by manifest.
1105 silly tarball no local data for lodash@https://registry.npmjs.org/lodash/-/lodash-4.18.1.tgz. Extracting by manifest.
1106 silly tarball no local data for estraverse@https://registry.npmjs.org/estraverse/-/estraverse-4.3.0.tgz. Extracting by manifest.
1107 silly tarball no local data for esprima@https://registry.npmjs.org/esprima/-/esprima-4.0.1.tgz. Extracting by manifest.
1108 silly tarball no local data for escope@https://registry.npmjs.org/escope/-/escope-3.6.0.tgz. Extracting by manifest.
1109 silly tarball no local data for deasync@https://registry.npmjs.org/deasync/-/deasync-0.1.31.tgz. Extracting by manifest.
1110 silly tarball no local data for bindings@https://registry.npmjs.org/bindings/-/bindings-1.5.0.tgz. Extracting by manifest.
1111 silly tarball no local data for cli-color@https://registry.npmjs.org/cli-color/-/cli-color-2.0.4.tgz. Extracting by manifest.
1112 silly tarball no local data for cardinal@https://registry.npmjs.org/cardinal/-/cardinal-2.1.1.tgz. Extracting by manifest.
1113 silly tarball no local data for safer-buffer@https://registry.npmjs.org/safer-buffer/-/safer-buffer-2.1.2.tgz. Extracting by manifest.
1114 silly tarball no local data for inherits@https://registry.npmjs.org/inherits/-/inherits-2.0.4.tgz. Extracting by manifest.
1115 silly tarball no local data for toidentifier@https://registry.npmjs.org/toidentifier/-/toidentifier-1.0.1.tgz. Extracting by manifest.
1116 silly tarball no local data for unpipe@https://registry.npmjs.org/unpipe/-/unpipe-1.0.0.tgz. Extracting by manifest.
1117 silly tarball no local data for ms@https://registry.npmjs.org/ms/-/ms-2.0.0.tgz. Extracting by manifest.
1118 silly tarball no local data for raw-body@https://registry.npmjs.org/raw-body/-/raw-body-2.5.3.tgz. Extracting by manifest.
1119 silly tarball no local data for destroy@https://registry.npmjs.org/destroy/-/destroy-1.2.0.tgz. Extracting by manifest.
1120 silly tarball no local data for bytes@https://registry.npmjs.org/bytes/-/bytes-3.1.2.tgz. Extracting by manifest.
1121 silly tarball no local data for negotiator@https://registry.npmjs.org/negotiator/-/negotiator-0.6.3.tgz. Extracting by manifest.
1122 silly tarball no local data for mime-types@https://registry.npmjs.org/mime-types/-/mime-types-2.1.35.tgz. Extracting by manifest.
1123 silly tarball no local data for vary@https://registry.npmjs.org/vary/-/vary-1.1.2.tgz. Extracting by manifest.
1124 silly tarball no local data for type-is@https://registry.npmjs.org/type-is/-/type-is-1.6.18.tgz. Extracting by manifest.
1125 silly tarball no local data for utils-merge@https://registry.npmjs.org/utils-merge/-/utils-merge-1.0.1.tgz. Extracting by manifest.
1126 silly tarball no local data for statuses@https://registry.npmjs.org/statuses/-/statuses-2.0.2.tgz. Extracting by manifest.
1127 silly tarball no local data for iconv-lite@https://registry.npmjs.org/iconv-lite/-/iconv-lite-0.4.24.tgz. Extracting by manifest.
1128 silly tarball no local data for setprototypeof@https://registry.npmjs.org/setprototypeof/-/setprototypeof-1.2.0.tgz. Extracting by manifest.
1129 silly tarball no local data for safe-buffer@https://registry.npmjs.org/safe-buffer/-/safe-buffer-5.2.1.tgz. Extracting by manifest.
1130 silly tarball no local data for send@https://registry.npmjs.org/send/-/send-0.19.2.tgz. Extracting by manifest.
1131 silly tarball no local data for serve-static@https://registry.npmjs.org/serve-static/-/serve-static-1.16.3.tgz. Extracting by manifest.
1132 silly tarball no local data for qs@https://registry.npmjs.org/qs/-/qs-6.15.3.tgz. Extracting by manifest.
1133 silly tarball no local data for form-data@https://registry.npmjs.org/form-data/-/form-data-2.5.6.tgz. Extracting by manifest.
1134 silly tarball no local data for proxy-addr@https://registry.npmjs.org/proxy-addr/-/proxy-addr-2.0.7.tgz. Extracting by manifest.
1135 silly tarball no local data for formidable@https://registry.npmjs.org/formidable/-/formidable-1.2.6.tgz. Extracting by manifest.
1136 silly tarball no local data for path-to-regexp@https://registry.npmjs.org/path-to-regexp/-/path-to-regexp-0.1.13.tgz. Extracting by manifest.
1137 silly tarball no local data for parseurl@https://registry.npmjs.org/parseurl/-/parseurl-1.3.3.tgz. Extracting by manifest.
1138 silly tarball no local data for methods@https://registry.npmjs.org/methods/-/methods-1.1.2.tgz. Extracting by manifest.
1139 silly tarball no local data for range-parser@https://registry.npmjs.org/range-parser/-/range-parser-1.2.1.tgz. Extracting by manifest.
1140 silly tarball no local data for merge-descriptors@https://registry.npmjs.org/merge-descriptors/-/merge-descriptors-1.0.3.tgz. Extracting by manifest.
1141 silly tarball no local data for on-finished@https://registry.npmjs.org/on-finished/-/on-finished-2.4.1.tgz. Extracting by manifest.
1142 silly tarball no local data for http-errors@https://registry.npmjs.org/http-errors/-/http-errors-2.0.1.tgz. Extracting by manifest.
1143 silly tarball no local data for etag@https://registry.npmjs.org/etag/-/etag-1.8.1.tgz. Extracting by manifest.
1144 silly tarball no local data for finalhandler@https://registry.npmjs.org/finalhandler/-/finalhandler-1.3.2.tgz. Extracting by manifest.
1145 silly tarball no local data for fresh@https://registry.npmjs.org/fresh/-/fresh-0.5.2.tgz. Extracting by manifest.
1146 silly tarball no local data for encodeurl@https://registry.npmjs.org/encodeurl/-/encodeurl-2.0.0.tgz. Extracting by manifest.
1147 silly tarball no local data for cookie-signature@https://registry.npmjs.org/cookie-signature/-/cookie-signature-1.0.7.tgz. Extracting by manifest.
1148 silly tarball no local data for debug@https://registry.npmjs.org/debug/-/debug-2.6.9.tgz. Extracting by manifest.
1149 silly tarball no local data for escape-html@https://registry.npmjs.org/escape-html/-/escape-html-1.0.3.tgz. Extracting by manifest.
1150 silly tarball no local data for depd@https://registry.npmjs.org/depd/-/depd-2.0.0.tgz. Extracting by manifest.
1151 silly tarball no local data for cookie@https://registry.npmjs.org/cookie/-/cookie-0.7.2.tgz. Extracting by manifest.
1152 silly tarball no local data for content-disposition@https://registry.npmjs.org/content-disposition/-/content-disposition-0.5.4.tgz. Extracting by manifest.
1153 silly tarball no local data for array-flatten@https://registry.npmjs.org/array-flatten/-/array-flatten-1.1.1.tgz. Extracting by manifest.
1154 silly tarball no local data for body-parser@https://registry.npmjs.org/body-parser/-/body-parser-1.20.6.tgz. Extracting by manifest.
1155 silly tarball no local data for accepts@https://registry.npmjs.org/accepts/-/accepts-1.3.8.tgz. Extracting by manifest.
1156 silly tarball no local data for supertest@https://registry.npmjs.org/supertest/-/supertest-3.4.2.tgz. Extracting by manifest.
1157 silly tarball no local data for pg@https://registry.npmjs.org/pg/-/pg-8.23.0.tgz. Extracting by manifest.
1158 silly tarball no local data for locus@https://registry.npmjs.org/locus/-/locus-2.0.4.tgz. Extracting by manifest.
1159 silly tarball no local data for jsonschema@https://registry.npmjs.org/jsonschema/-/jsonschema-1.5.0.tgz. Extracting by manifest.
1160 silly tarball no local data for express@https://registry.npmjs.org/express/-/express-4.22.2.tgz. Extracting by manifest.
1161 silly tarball no local data for safe-buffer@https://registry.npmjs.org/safe-buffer/-/safe-buffer-5.1.2.tgz. Extracting by manifest.
1162 silly tarball no local data for safe-buffer@https://registry.npmjs.org/safe-buffer/-/safe-buffer-5.1.2.tgz. Extracting by manifest.
1163 silly tarball no local data for ms@https://registry.npmjs.org/ms/-/ms-2.1.3.tgz. Extracting by manifest.
1164 silly tarball no local data for async@https://registry.npmjs.org/async/-/async-2.6.4.tgz. Extracting by manifest.
1165 silly tarball no local data for debug@https://registry.npmjs.org/debug/-/debug-3.2.7.tgz. Extracting by manifest.
1166 silly tarball no local data for content-type@https://registry.npmjs.org/content-type/-/content-type-1.0.5.tgz. Extracting by manifest.
1167 silly tarball no local data for estraverse@https://registry.npmjs.org/estraverse/-/estraverse-5.3.0.tgz. Extracting by manifest.
1168 silly tarball no local data for ms@https://registry.npmjs.org/ms/-/ms-2.1.3.tgz. Extracting by manifest.
1169 http fetch POST 200 https://registry.npmjs.org/-/npm/v1/security/advisories/bulk 1037ms
1170 silly audit report {}
1171 http fetch GET 200 https://registry.npmjs.org/util-deprecate/-/util-deprecate-1.0.2.tgz 1113ms (cache miss)
1172 http fetch GET 200 https://registry.npmjs.org/media-typer/-/media-typer-0.3.0.tgz 1116ms (cache miss)
1173 http fetch GET 200 https://registry.npmjs.org/eyes/-/eyes-0.1.8.tgz 1187ms (cache miss)
1174 http fetch GET 200 https://registry.npmjs.org/stack-trace/-/stack-trace-0.0.10.tgz 1198ms (cache miss)
1175 http fetch GET 200 https://registry.npmjs.org/cycle/-/cycle-1.0.3.tgz 1187ms (cache miss)
1176 http fetch GET 200 https://registry.npmjs.org/isstream/-/isstream-0.1.2.tgz 1270ms (cache miss)
1177 http fetch GET 200 https://registry.npmjs.org/cookiejar/-/cookiejar-2.1.4.tgz 1251ms (cache miss)
1178 http fetch GET 200 https://registry.npmjs.org/extend/-/extend-3.0.2.tgz 1316ms (cache miss)
1179 http fetch GET 200 https://registry.npmjs.org/has-tostringtag/-/has-tostringtag-1.0.2.tgz 1459ms (cache miss)
1180 http fetch GET 200 https://registry.npmjs.org/component-emitter/-/component-emitter-1.3.1.tgz 1729ms (cache miss)
1181 http fetch GET 200 https://registry.npmjs.org/dunder-proto/-/dunder-proto-1.0.1.tgz 1726ms (cache miss)
1182 http fetch GET 200 https://registry.npmjs.org/math-intrinsics/-/math-intrinsics-1.1.0.tgz 1803ms (cache miss)
1183 http fetch GET 200 https://registry.npmjs.org/es-object-atoms/-/es-object-atoms-1.1.2.tgz 1797ms (cache miss)
1184 http fetch GET 200 https://registry.npmjs.org/has-symbols/-/has-symbols-1.1.0.tgz 1800ms (cache miss)
1185 http fetch GET 200 https://registry.npmjs.org/hasown/-/hasown-2.0.4.tgz 1890ms (cache miss)
1186 http fetch GET 200 https://registry.npmjs.org/get-proto/-/get-proto-1.0.1.tgz 1891ms (cache miss)
1187 http fetch GET 200 https://registry.npmjs.org/call-bind-apply-helpers/-/call-bind-apply-helpers-1.0.2.tgz 2019ms (cache miss)
1188 http fetch GET 200 https://registry.npmjs.org/side-channel-weakmap/-/side-channel-weakmap-1.0.2.tgz 2032ms (cache miss)
1189 http fetch GET 200 https://registry.npmjs.org/process-nextick-args/-/process-nextick-args-2.0.1.tgz 2217ms (cache miss)
1190 http fetch GET 200 https://registry.npmjs.org/gopd/-/gopd-1.2.0.tgz 2182ms (cache miss)
1191 http fetch GET 200 https://registry.npmjs.org/function-bind/-/function-bind-1.1.2.tgz 2174ms (cache miss)
1192 http fetch GET 200 https://registry.npmjs.org/forwarded/-/forwarded-0.2.0.tgz 2335ms (cache miss)
1193 http fetch GET 200 https://registry.npmjs.org/side-channel-list/-/side-channel-list-1.0.1.tgz 2442ms (cache miss)
1194 http fetch GET 200 https://registry.npmjs.org/core-util-is/-/core-util-is-1.0.3.tgz 2595ms (cache miss)
1195 http fetch GET 200 https://registry.npmjs.org/mute-stream/-/mute-stream-0.0.8.tgz 2537ms (cache miss)
1196 http fetch GET 200 https://registry.npmjs.org/get-intrinsic/-/get-intrinsic-1.3.0.tgz 2553ms (cache miss)
1197 http fetch GET 200 https://registry.npmjs.org/call-bound/-/call-bound-1.0.4.tgz 2596ms (cache miss)
1198 http fetch GET 200 https://registry.npmjs.org/side-channel-map/-/side-channel-map-1.0.1.tgz 2592ms (cache miss)
1199 http fetch GET 200 https://registry.npmjs.org/xtend/-/xtend-4.0.2.tgz 2561ms (cache miss)
1200 http fetch GET 200 https://registry.npmjs.org/read/-/read-1.0.7.tgz 2573ms (cache miss)
1201 http fetch GET 200 https://registry.npmjs.org/es-define-property/-/es-define-property-1.0.1.tgz 2648ms (cache miss)
1202 http fetch GET 200 https://registry.npmjs.org/postgres-interval/-/postgres-interval-1.2.0.tgz 2621ms (cache miss)
1203 http fetch GET 200 https://registry.npmjs.org/split2/-/split2-4.2.0.tgz 2629ms (cache miss)
1204 http fetch GET 200 https://registry.npmjs.org/combined-stream/-/combined-stream-1.0.8.tgz 2757ms (cache miss)
1205 http fetch GET 200 https://registry.npmjs.org/postgres-bytea/-/postgres-bytea-1.0.1.tgz 2662ms (cache miss)
1206 http fetch GET 200 https://registry.npmjs.org/pg-pool/-/pg-pool-3.14.0.tgz 2649ms (cache miss)
1207 http fetch GET 200 https://registry.npmjs.org/pg-int8/-/pg-int8-1.0.1.tgz 2762ms (cache miss)
1208 http fetch GET 200 https://registry.npmjs.org/pgpass/-/pgpass-1.0.5.tgz 2766ms (cache miss)
1209 http fetch GET 200 https://registry.npmjs.org/ee-first/-/ee-first-1.1.1.tgz 2758ms (cache miss)
1210 http fetch GET 200 https://registry.npmjs.org/charenc/-/charenc-0.0.2.tgz 2751ms (cache miss)
1211 http fetch GET 200 https://registry.npmjs.org/is-promise/-/is-promise-2.2.2.tgz 2835ms (cache miss)
1212 http fetch GET 200 https://registry.npmjs.org/delayed-stream/-/delayed-stream-1.0.0.tgz 2987ms (cache miss)
1213 http fetch GET 200 https://registry.npmjs.org/ext/-/ext-1.7.0.tgz 2870ms (cache miss)
1214 http fetch GET 200 https://registry.npmjs.org/postgres-date/-/postgres-date-1.0.7.tgz 2916ms (cache miss)
1215 http fetch GET 200 https://registry.npmjs.org/next-tick/-/next-tick-1.1.0.tgz 2869ms (cache miss)
1216 http fetch GET 200 https://registry.npmjs.org/crypt/-/crypt-0.0.2.tgz 2890ms (cache miss)
1217 http fetch GET 200 https://registry.npmjs.org/is-buffer/-/is-buffer-1.1.6.tgz 2894ms (cache miss)
1218 http fetch GET 200 https://registry.npmjs.org/lru-queue/-/lru-queue-0.1.0.tgz 2944ms (cache miss)
1219 http fetch GET 200 https://registry.npmjs.org/es6-map/-/es6-map-0.1.5.tgz 2930ms (cache miss)
1220 http fetch GET 200 https://registry.npmjs.org/postgres-array/-/postgres-array-2.0.0.tgz 3098ms (cache miss)
1221 http fetch GET 200 https://registry.npmjs.org/es6-symbol/-/es6-symbol-3.1.4.tgz 3060ms (cache miss)
1222 http fetch GET 200 https://registry.npmjs.org/ansicolors/-/ansicolors-0.3.2.tgz 3044ms (cache miss)
1223 http fetch GET 200 https://registry.npmjs.org/estraverse/-/estraverse-4.3.0.tgz 3032ms (cache miss)
1224 http fetch GET 200 https://registry.npmjs.org/esrecurse/-/esrecurse-4.3.0.tgz 3098ms (cache miss)
1225 http fetch GET 200 https://registry.npmjs.org/es6-iterator/-/es6-iterator-2.0.3.tgz 3133ms (cache miss)
1226 http fetch GET 200 https://registry.npmjs.org/destroy/-/destroy-1.2.0.tgz 3086ms (cache miss)
1227 http fetch GET 200 https://registry.npmjs.org/toidentifier/-/toidentifier-1.0.1.tgz 3099ms (cache miss)
1228 http fetch GET 200 https://registry.npmjs.org/bindings/-/bindings-1.5.0.tgz 3152ms (cache miss)
1229 http fetch GET 200 https://registry.npmjs.org/unpipe/-/unpipe-1.0.0.tgz 3144ms (cache miss)
1230 http fetch GET 200 https://registry.npmjs.org/type-is/-/type-is-1.6.18.tgz 3143ms (cache miss)
1231 http fetch GET 200 https://registry.npmjs.org/isarray/-/isarray-1.0.0.tgz 3415ms (cache miss)
1232 http fetch GET 200 https://registry.npmjs.org/readline-history/-/readline-history-1.2.0.tgz 3243ms (cache miss)
1233 http fetch GET 200 https://registry.npmjs.org/bytes/-/bytes-3.1.2.tgz 3200ms (cache miss)
1234 http fetch GET 200 https://registry.npmjs.org/ms/-/ms-2.0.0.tgz 3211ms (cache miss)
1235 http fetch GET 200 https://registry.npmjs.org/pg-connection-string/-/pg-connection-string-2.14.0.tgz 3335ms (cache miss)
1236 http fetch GET 200 https://registry.npmjs.org/utils-merge/-/utils-merge-1.0.1.tgz 3226ms (cache miss)
1237 http fetch GET 200 https://registry.npmjs.org/methods/-/methods-1.1.2.tgz 3215ms (cache miss)
1238 http fetch GET 200 https://registry.npmjs.org/raw-body/-/raw-body-2.5.3.tgz 3256ms (cache miss)
1239 http fetch GET 200 https://registry.npmjs.org/string_decoder/-/string_decoder-1.1.1.tgz 3521ms (cache miss)
1240 http fetch GET 200 https://registry.npmjs.org/fresh/-/fresh-0.5.2.tgz 3327ms (cache miss)
1241 http fetch GET 200 https://registry.npmjs.org/cookie-signature/-/cookie-signature-1.0.7.tgz 3332ms (cache miss)
1242 http fetch GET 200 https://registry.npmjs.org/vary/-/vary-1.1.2.tgz 3444ms (cache miss)
1243 http fetch GET 200 https://registry.npmjs.org/parseurl/-/parseurl-1.3.3.tgz 3421ms (cache miss)
1244 http fetch GET 200 https://registry.npmjs.org/path-to-regexp/-/path-to-regexp-0.1.13.tgz 3427ms (cache miss)
1245 http fetch GET 200 https://registry.npmjs.org/encodeurl/-/encodeurl-2.0.0.tgz 3404ms (cache miss)
1246 http fetch GET 200 https://registry.npmjs.org/inherits/-/inherits-2.0.4.tgz 3514ms (cache miss)
1247 http fetch GET 200 https://registry.npmjs.org/mime-types/-/mime-types-2.1.35.tgz 3498ms (cache miss)
1248 http fetch GET 200 https://registry.npmjs.org/proxy-addr/-/proxy-addr-2.0.7.tgz 3477ms (cache miss)
1249 http fetch GET 200 https://registry.npmjs.org/merge-descriptors/-/merge-descriptors-1.0.3.tgz 3465ms (cache miss)
1250 http fetch GET 200 https://registry.npmjs.org/on-finished/-/on-finished-2.4.1.tgz 3462ms (cache miss)
1251 http fetch GET 200 https://registry.npmjs.org/finalhandler/-/finalhandler-1.3.2.tgz 3458ms (cache miss)
1252 http fetch GET 200 https://registry.npmjs.org/serve-static/-/serve-static-1.16.3.tgz 3491ms (cache miss)
1253 http fetch GET 200 https://registry.npmjs.org/http-errors/-/http-errors-2.0.1.tgz 3472ms (cache miss)
1254 http fetch GET 200 https://registry.npmjs.org/array-flatten/-/array-flatten-1.1.1.tgz 3473ms (cache miss)
1255 http fetch GET 200 https://registry.npmjs.org/content-disposition/-/content-disposition-0.5.4.tgz 3477ms (cache miss)
1256 http fetch GET 200 https://registry.npmjs.org/escape-html/-/escape-html-1.0.3.tgz 3485ms (cache miss)
1257 http fetch GET 200 https://registry.npmjs.org/safe-buffer/-/safe-buffer-5.2.1.tgz 3551ms (cache miss)
1258 http fetch GET 200 https://registry.npmjs.org/range-parser/-/range-parser-1.2.1.tgz 3546ms (cache miss)
1259 http fetch GET 200 https://registry.npmjs.org/ms/-/ms-2.1.3.tgz 3489ms (cache miss)
1260 http fetch GET 200 https://registry.npmjs.org/estraverse/-/estraverse-5.3.0.tgz 3476ms (cache miss)
1261 http fetch GET 200 https://registry.npmjs.org/locus/-/locus-2.0.4.tgz 3531ms (cache miss)
1262 http fetch GET 200 https://registry.npmjs.org/etag/-/etag-1.8.1.tgz 3583ms (cache miss)
1263 http fetch GET 200 https://registry.npmjs.org/statuses/-/statuses-2.0.2.tgz 3621ms (cache miss)
1264 http fetch GET 200 https://registry.npmjs.org/ipaddr.js/-/ipaddr.js-1.9.1.tgz 3799ms (cache miss)
1265 http fetch GET 200 https://registry.npmjs.org/accepts/-/accepts-1.3.8.tgz 3563ms (cache miss)
1266 http fetch GET 200 https://registry.npmjs.org/safe-buffer/-/safe-buffer-5.1.2.tgz 3554ms (cache miss)
1267 http fetch GET 200 https://registry.npmjs.org/cookie/-/cookie-0.7.2.tgz 3576ms (cache miss)
1268 http fetch GET 200 https://registry.npmjs.org/setprototypeof/-/setprototypeof-1.2.0.tgz 3633ms (cache miss)
1269 http fetch GET 200 https://registry.npmjs.org/content-type/-/content-type-1.0.5.tgz 3567ms (cache miss)
1270 http fetch GET 200 https://registry.npmjs.org/d/-/d-1.0.2.tgz 3738ms (cache miss)
1271 http fetch GET 200 https://registry.npmjs.org/ms/-/ms-2.1.3.tgz 3500ms (cache miss)
1272 http fetch GET 200 https://registry.npmjs.org/send/-/send-0.19.2.tgz 3733ms (cache miss)
1273 http fetch GET 200 https://registry.npmjs.org/safe-buffer/-/safe-buffer-5.1.2.tgz 3689ms (cache miss)
1274 http fetch GET 200 https://registry.npmjs.org/safer-buffer/-/safer-buffer-2.1.2.tgz 3855ms (cache miss)
1275 http fetch GET 200 https://registry.npmjs.org/es-set-tostringtag/-/es-set-tostringtag-2.1.0.tgz 4076ms (cache miss)
1276 http fetch GET 200 https://registry.npmjs.org/depd/-/depd-2.0.0.tgz 3780ms (cache miss)
1277 http fetch GET 200 https://registry.npmjs.org/md5/-/md5-2.3.0.tgz 3951ms (cache miss)
1278 http fetch GET 200 https://registry.npmjs.org/file-uri-to-path/-/file-uri-to-path-1.0.0.tgz 3991ms (cache miss)
1279 http fetch GET 200 https://registry.npmjs.org/supertest/-/supertest-3.4.2.tgz 3919ms (cache miss)
1280 http fetch GET 200 https://registry.npmjs.org/side-channel/-/side-channel-1.1.1.tgz 4169ms (cache miss)
1281 warn deprecated supertest@3.4.2: Please upgrade to supertest v7.1.3+, see release notes at https://github.com/forwardemail/supertest/releases/tag/v7.1.3 - maintenance is supported by Forward Email @ https://forwardemail.net
1282 http fetch GET 200 https://registry.npmjs.org/form-data/-/form-data-2.5.6.tgz 4110ms (cache miss)
1283 http fetch GET 200 https://registry.npmjs.org/negotiator/-/negotiator-0.6.3.tgz 4135ms (cache miss)
1284 http fetch GET 200 https://registry.npmjs.org/mime-db/-/mime-db-1.52.0.tgz 4287ms (cache miss)
1285 http fetch GET 200 https://registry.npmjs.org/revalidator/-/revalidator-0.1.8.tgz 4338ms (cache miss)
1286 http fetch GET 200 https://registry.npmjs.org/pg-types/-/pg-types-2.2.0.tgz 4371ms (cache miss)
1287 http fetch GET 200 https://registry.npmjs.org/mime/-/mime-1.6.0.tgz 4439ms (cache miss)
1288 http fetch GET 200 https://registry.npmjs.org/timers-ext/-/timers-ext-0.1.8.tgz 4384ms (cache miss)
1289 http fetch GET 200 https://registry.npmjs.org/formidable/-/formidable-1.2.6.tgz 4319ms (cache miss)
1290 warn deprecated formidable@1.2.6: Please upgrade to latest, formidable@v2 or formidable@v3! Check these notes: https://bit.ly/2ZEqIau
1291 http fetch GET 200 https://registry.npmjs.org/pg-cloudflare/-/pg-cloudflare-1.4.0.tgz 4515ms (cache miss)
1292 http fetch GET 200 https://registry.npmjs.org/debug/-/debug-3.2.7.tgz 4324ms (cache miss)
1293 http fetch GET 200 https://registry.npmjs.org/jsonschema/-/jsonschema-1.5.0.tgz 4443ms (cache miss)
1294 http fetch GET 200 https://registry.npmjs.org/body-parser/-/body-parser-1.20.6.tgz 4486ms (cache miss)
1295 http fetch GET 200 https://registry.npmjs.org/es-errors/-/es-errors-1.3.0.tgz 4741ms (cache miss)
1296 http fetch GET 200 https://registry.npmjs.org/esprima/-/esprima-4.0.1.tgz 4645ms (cache miss)
1297 http fetch GET 200 https://registry.npmjs.org/debug/-/debug-2.6.9.tgz 4571ms (cache miss)
1298 http fetch GET 200 https://registry.npmjs.org/es6-weak-map/-/es6-weak-map-2.0.3.tgz 4752ms (cache miss)
1299 http fetch GET 200 https://registry.npmjs.org/asynckit/-/asynckit-0.4.0.tgz 4900ms (cache miss)
1300 http fetch GET 200 https://registry.npmjs.org/event-emitter/-/event-emitter-0.3.5.tgz 4852ms (cache miss)
1301 http fetch GET 200 https://registry.npmjs.org/parse-stack/-/parse-stack-0.1.4.tgz 4808ms (cache miss)
1302 warn deprecated parse-stack@0.1.4: Use error-stack-parser instead.
1303 http fetch GET 200 https://registry.npmjs.org/es6-set/-/es6-set-0.1.6.tgz 4914ms (cache miss)
1304 http fetch GET 200 https://registry.npmjs.org/colors/-/colors-1.0.3.tgz 5114ms (cache miss)
1305 http fetch GET 200 https://registry.npmjs.org/cli-color/-/cli-color-2.0.4.tgz 4914ms (cache miss)
1306 http fetch GET 200 https://registry.npmjs.org/readable-stream/-/readable-stream-2.3.8.tgz 5251ms (cache miss)
1307 http fetch GET 200 https://registry.npmjs.org/@colors/colors/-/colors-1.5.0.tgz 5266ms (cache miss)
1308 http fetch GET 200 https://registry.npmjs.org/express/-/express-4.22.2.tgz 5035ms (cache miss)
1309 http fetch GET 200 https://registry.npmjs.org/esniff/-/esniff-2.0.1.tgz 5208ms (cache miss)
1310 http fetch GET 200 https://registry.npmjs.org/qs/-/qs-6.15.3.tgz 5224ms (cache miss)
1311 http fetch GET 200 https://registry.npmjs.org/pg/-/pg-8.23.0.tgz 5187ms (cache miss)
1312 http fetch GET 200 https://registry.npmjs.org/memoizee/-/memoizee-0.4.17.tgz 5601ms (cache miss)
1313 http fetch GET 200 https://registry.npmjs.org/object-inspect/-/object-inspect-1.13.4.tgz 5802ms (cache miss)
1314 http fetch GET 200 https://registry.npmjs.org/redeyed/-/redeyed-2.1.1.tgz 5712ms (cache miss)
1315 http fetch GET 200 https://registry.npmjs.org/prompt/-/prompt-1.3.0.tgz 5776ms (cache miss)
1316 http fetch GET 200 https://registry.npmjs.org/superagent/-/superagent-3.8.3.tgz 6072ms (cache miss)
1317 warn deprecated superagent@3.8.3: Please upgrade to superagent v10.2.2+, see release notes at https://github.com/forwardemail/superagent/releases/tag/v10.2.2 - maintenance is supported by Forward Email @ https://forwardemail.net
1318 http fetch GET 200 https://registry.npmjs.org/iconv-lite/-/iconv-lite-0.4.24.tgz 5903ms (cache miss)
1319 http fetch GET 200 https://registry.npmjs.org/cardinal/-/cardinal-2.1.1.tgz 6115ms (cache miss)
1320 http fetch GET 200 https://registry.npmjs.org/pg-protocol/-/pg-protocol-1.16.0.tgz 6246ms (cache miss)
1321 http fetch GET 200 https://registry.npmjs.org/winston/-/winston-2.4.7.tgz 6309ms (cache miss)
1322 http fetch GET 200 https://registry.npmjs.org/escope/-/escope-3.6.0.tgz 6674ms (cache miss)
1323 http fetch GET 200 https://registry.npmjs.org/node-addon-api/-/node-addon-api-1.7.2.tgz 7183ms (cache miss)
1324 http fetch GET 200 https://registry.npmjs.org/async/-/async-2.6.4.tgz 7383ms (cache miss)
1325 http fetch GET 200 https://registry.npmjs.org/async/-/async-3.2.3.tgz 7656ms (cache miss)
1326 http fetch GET 200 https://registry.npmjs.org/type/-/type-2.7.3.tgz 7766ms (cache miss)
1327 http fetch GET 200 https://registry.npmjs.org/deasync/-/deasync-0.1.31.tgz 9090ms (cache miss)
1328 http fetch GET 200 https://registry.npmjs.org/es5-ext/-/es5-ext-0.10.64.tgz 11726ms (cache miss)
1329 http fetch GET 200 https://registry.npmjs.org/lodash/-/lodash-4.18.1.tgz 15874ms (cache miss)
1330 info run deasync@0.1.31 install node_modules/deasync node ./build.js
1331 info run deasync@0.1.31 install { code: 'EPERM', signal: undefined }
1332 warn cleanup Failed to remove some directories [
1332 warn cleanup   [
1332 warn cleanup     '\\\\?\\C:\\Users\\jamsh_irbsc12\\Documents\\Codex\\2026-08-25\\express-bookstore-download-the-starter-code-2\\express-bookstore\\node_modules',
1332 warn cleanup     [Error: EPERM: operation not permitted, rmdir 'C:\Users\jamsh_irbsc12\Documents\Codex\2026-08-25\express-bookstore-download-the-starter-code-2\express-bookstore\node_modules\winston\node_modules\async'] {
1332 warn cleanup       errno: -4048,
1332 warn cleanup       code: 'EPERM',
1332 warn cleanup       syscall: 'rmdir',
1332 warn cleanup       path: 'C:\\Users\\jamsh_irbsc12\\Documents\\Codex\\2026-08-25\\express-bookstore-download-the-starter-code-2\\express-bookstore\\node_modules\\winston\\node_modules\\async'
1332 warn cleanup     }
1332 warn cleanup   ],
1332 warn cleanup   [
1332 warn cleanup     '\\\\?\\C:\\Users\\jamsh_irbsc12\\Documents\\Codex\\2026-08-25\\express-bookstore-download-the-starter-code-2\\express-bookstore\\node_modules\\winston',
1332 warn cleanup     [Error: EPERM: operation not permitted, rmdir 'C:\Users\jamsh_irbsc12\Documents\Codex\2026-08-25\express-bookstore-download-the-starter-code-2\express-bookstore\node_modules\winston\lib'] {
1332 warn cleanup       errno: -4048,
1332 warn cleanup       code: 'EPERM',
1332 warn cleanup       syscall: 'rmdir',
1332 warn cleanup       path: 'C:\\Users\\jamsh_irbsc12\\Documents\\Codex\\2026-08-25\\express-bookstore-download-the-starter-code-2\\express-bookstore\\node_modules\\winston\\lib'
1332 warn cleanup     }
1332 warn cleanup   ]
1332 warn cleanup ]
1333 verbose stack Error: spawn EPERM
1333 verbose stack     at ChildProcess.spawn (node:internal/child_process:421:11)
1333 verbose stack     at spawn (node:child_process:796:9)
1333 verbose stack     at promiseSpawn (C:\Program Files\nodejs\node_modules\npm\node_modules\@npmcli\promise-spawn\lib\index.js:39:16)
1333 verbose stack     at spawnWithShell (C:\Program Files\nodejs\node_modules\npm\node_modules\@npmcli\promise-spawn\lib\index.js:124:10)
1333 verbose stack     at promiseSpawn (C:\Program Files\nodejs\node_modules\npm\node_modules\@npmcli\promise-spawn\lib\index.js:12:12)
1333 verbose stack     at runScriptPkg (C:\Program Files\nodejs\node_modules\npm\node_modules\@npmcli\run-script\lib\run-script-pkg.js:79:13)
1333 verbose stack     at runScript (C:\Program Files\nodejs\node_modules\npm\node_modules\@npmcli\run-script\lib\run-script.js:9:12)
1333 verbose stack     at C:\Program Files\nodejs\node_modules\npm\node_modules\@npmcli\arborist\lib\arborist\rebuild.js:327:17
1333 verbose stack     at run (C:\Program Files\nodejs\node_modules\npm\node_modules\promise-call-limit\dist\commonjs\index.js:67:22)
1333 verbose stack     at C:\Program Files\nodejs\node_modules\npm\node_modules\promise-call-limit\dist\commonjs\index.js:84:9
1334 error code EPERM
1335 error syscall spawn
1336 error errno -4048
1337 error Error: spawn EPERM
1337 error     at ChildProcess.spawn (node:internal/child_process:421:11)
1337 error     at spawn (node:child_process:796:9)
1337 error     at promiseSpawn (C:\Program Files\nodejs\node_modules\npm\node_modules\@npmcli\promise-spawn\lib\index.js:39:16)
1337 error     at spawnWithShell (C:\Program Files\nodejs\node_modules\npm\node_modules\@npmcli\promise-spawn\lib\index.js:124:10)
1337 error     at promiseSpawn (C:\Program Files\nodejs\node_modules\npm\node_modules\@npmcli\promise-spawn\lib\index.js:12:12)
1337 error     at runScriptPkg (C:\Program Files\nodejs\node_modules\npm\node_modules\@npmcli\run-script\lib\run-script-pkg.js:79:13)
1337 error     at runScript (C:\Program Files\nodejs\node_modules\npm\node_modules\@npmcli\run-script\lib\run-script.js:9:12)
1337 error     at C:\Program Files\nodejs\node_modules\npm\node_modules\@npmcli\arborist\lib\arborist\rebuild.js:327:17
1337 error     at run (C:\Program Files\nodejs\node_modules\npm\node_modules\promise-call-limit\dist\commonjs\index.js:67:22)
1337 error     at C:\Program Files\nodejs\node_modules\npm\node_modules\promise-call-limit\dist\commonjs\index.js:84:9 {
1337 error   errno: -4048,
1337 error   code: 'EPERM',
1337 error   syscall: 'spawn'
1337 error }
1338 error
1338 error The operation was rejected by your operating system.
1338 error It's possible that the file was already in use (by a text editor or antivirus),
1338 error or that you lack permissions to access it.
1338 error
1338 error If you believe this might be a permissions issue, please double-check the
1338 error permissions of the file and its containing directories, or try running
1338 error the command again as root/Administrator.
1339 silly unfinished npm timer reify 1787709671958
1340 silly unfinished npm timer reify:build 1787709698093
1341 silly unfinished npm timer build 1787709698094
1342 silly unfinished npm timer build:deps 1787709698094
1343 silly unfinished npm timer build:run:install 1787709698198
1344 silly unfinished npm timer build:run:install:node_modules/deasync 1787709698199
1345 verbose cwd C:\Users\jamsh_irbsc12\Documents\Codex\2026-08-25\express-bookstore-download-the-starter-code-2\express-bookstore
1346 verbose os Windows_NT 10.0.26200
1347 verbose node v24.14.0
1348 verbose npm  v11.9.0
1349 notice
1349 notice New minor version of npm available! 11.9.0 -> 11.19.0
1349 notice Changelog: https://github.com/npm/cli/releases/tag/v11.19.0
1349 notice To update run: npm install -g npm@11.19.0
1349 notice  { force: true, Symbol(proc-log.meta): true }
1350 verbose exit -4048
1351 verbose code -4048
1352 error A complete log of this run can be found in: C:\Users\jamsh_irbsc12\Documents\Codex\2026-08-25\express-bookstore-download-the-starter-code-2\express-bookstore\.npm-cache\_logs\2026-08-26T02_01_09_007Z-debug-0.log
